﻿POI_ID,NAME,LAT,LON
1164903088,Zum Kleinen Ketterer,49.00765,8.40763
1005220932,Wigwam e.V. Freie Kindertagesstätte,48.9989,8.38182
1163982616,Autohaus Lang am Ostring GmbH,49.00806,8.44297
1108687026,Friseursalon Boussif,49.00874,8.40859
1005226100,Kath. Kindergarten St. Bonifatius,49.00974,8.38182
1039243138,Osteria Carree,49.00922,8.37631
1148490524,DEVK Regionaldirektion Karlsruhe,48.99716,8.40961
1039814538,Pädagogische Hochschule,49.01303,8.39341
1017890557,BBBank,49.01095,8.39925
1108709999,C & M Company,49.01118,8.36119
996602887,Hertz,48.997,8.37233
1132504372,Swarovski,49.00564,8.40312
1039212923,Alibaba,49.00656,8.40592
800851082,Kongress-Centrum Karlsruhe,49.00313,8.39947
50605280,Blankenburg,49.00571,8.40709
1132232885,Matratzen CONCORD,49.0115,8.36414
1164824921,Hermes PaketShop,48.99728,8.33648
57568242,Majolika,49.00308,8.40193
1039130167,ZARA,49.00564,8.40312
800755773,Kleine Kirche,49.00948,8.40527
1039892866,Hans-Thoma-Schule,49.00729,8.40607
1039243170,Milano,49.00222,8.40805
1165767382,AVIS,49.00493,8.41594
1011104677,real,49.00482,8.44626
1024132964,EUROMOBIL Volkswagen Zentrum,48.99688,8.34645
57564424,Filmpalast am ZKM,49.00054,8.38595
1005167655,Goethe-Gymnasium,49.00372,8.3965
50605197,ASTORIA,49.00269,8.39381
1138938048,Ah. Neureither Karlsruhe GmbH,49.03228,8.35886
1108686584,Salon Ruppel,49.00884,8.3919
1070063449,Stadtbahn Ettlinger Tor/Staatstheater,49.00494,8.40332
1178852696,Dr. med. Ingo C. Dulisch,49.00937,8.40934
50604137,Scala,49.00012,8.40321
1039892867,Grund-und Hauptschule Beiertheim,48.99298,8.38684
1017621214,Arbeitsgericht Karlsruhe,49.00916,8.40076
1039211649,Starbucks-Kaiserstraße,49.00982,8.39874
1031198232,Evangelischer Kindergarten,48.99105,8.3541
1112419685,Autohaus Graf Hardenberg GmbH,49.01599,8.35398
1115829589,"BBBank eG, SB-Stelle",49.02038,8.44106
1039266215,Fleischerfachgeschäft Konrad Floc,49.00849,8.37951
1058541582,Zahnarztpraxis Oliver Köhler,49.02136,8.36146
1178082138,Ketterer,48.99419,8.39841
1161449916,Nordsee,49.00564,8.40332
1005223619,Kindergarten St. Martin,49.01245,8.4402
898512895,Friedhof Rintheim,49.01609,8.44713
1039266217,Alnatura,49.00784,8.43925
1108686997,Haarwerk,48.99636,8.33579
1039266229,K&U Bäckerei,49.00511,8.39449
1164855278,Starbucks-Europaplatz,49.01001,8.39462
1039893718,Heilig-Geist-Kirche,49.00461,8.33109
1023817568,Nutzfahrzeug-Zentrum Karlsruhe,48.99695,8.34609
1131716909,Kleingartenanlage Oberer See,49.01699,8.36042
1131716907,Haydnplatz,49.01367,8.3816
1110490873,Sparkasse Karlsruhe Ettlingen,49.00531,8.33115
1148924241,El 29,48.99993,8.38292
1058556703,Zahnarztpraxis Dr. Peter Aibester,49.00974,8.40031
1011540996,Orsay,49.00983,8.39853
1039878916,dm,49.01151,8.36397
1193011971,Oberländer Weinstube,49.01178,8.39809
1108705478,TOP HAIR,49.00738,8.41021
1039243159,Eierhuber,49.0093,8.37489
1010630640,BAUHAUS,48.99754,8.40506
1070063446,Stadtbahn Kongresszentrum,49.00267,8.40327
57562999,McDonald's (McDrive),49.01447,8.35174
800764295,Santander,49.00749,8.39473
1070067169,Stadtbahn Entenfang,49.01073,8.35977
1039206618,Autohaus Kuno Streit e. K.,49.03247,8.35896
800757389,Hof-Apotheke,49.00991,8.39691
57566306,Scheck-in Center,49.00591,8.4109
1039880847,Cafe Rih,49.01119,8.39966
1039880845,Sean O'Casey's Irish Pub,49.00899,8.403
801782355,Minerva-Apotheke,49.0174,8.44333
1132504373,THE BODY SHOP,49.00564,8.40312
1108687018,Frisörsalon Mustafa Rashid Abdullah,49.01047,8.3746
1193011458,Hering-Lippmann,49.01275,8.37223
1104303592,GRAIN DE MALICE,49.00984,8.39901
1164903087,Zi Lounge,49.00511,8.39449
800851765,Einkaufszentrum Ettlinger Tor,49.00568,8.40202
1039243152,Rote Taube,49.00562,8.3722
50612139,Tullabad,49.00038,8.40286
1039266224,Metzgerei Windt,49.00877,8.3976
1039306509,Evangel. Kindergarten,49.00716,8.37219
50611305,Botanischer Garten,49.01198,8.40054
1131722973,Kleingartenanlage Sonnenbad,49.01261,8.34868
1039782032,Treff 3000 Karlsruhe,49.00941,8.4277
801781055,Auferstehungskirche,49.01218,8.3839
1178852316,Ingeborg Sibler,49.00141,8.40457
1104303588,GentlemeN,49.00687,8.39481
57563040,Stiegeles Restaurant,49.00269,8.39381
1131752723,bft,49.007,8.34539
1193019262,Pizza Turbo,49.00884,8.38963
1005160049,Drais-Realschule,49.01516,8.36655
1176204167,ROSSMANN,49.01,8.39462
800752839,Congress Apotheke Karlsruhe,49.00267,8.40331
1039266247,Reformhäuser Böser,49.00939,8.3934
1104303590,Kenzo,49.00702,8.39483
1011014060,Hoepfner Burghof,49.01253,8.42645
1024643590,Volksbank Karlsruhe eG Filiale Südstadt,49.00144,8.40706
1177960233,ARAL,48.99503,8.38956
1058544192,Dr. med. dent. Klaus Nossek,49.00538,8.33403
1126266703,Sparkasse Karlsruhe Ettlingen,49.0035,8.38166
1039893096,Leopoldschule,49.00832,8.38962
1193944814,Eis Cassata Karlsruhe,49.00896,8.42366
1017890505,BBBank,49.01038,8.38415
1132034819,Die Radecke,49.00451,8.39214
800750938,Apotheke am Nymphengarten,49.00533,8.39852
1193025364,Trattoria Art,49.00568,8.40673
1194476684,Denkfabrik,49.01754,8.39333
1131753366,SB Tankstelle am real,48.99171,8.37507
1011023695,Gewerbegebiet Unterweingartenfeld,48.99084,8.37193
1132504376,GANT,49.00564,8.40312
1178851632,Dr. med. Ludwig Ritter,48.99699,8.39374
1005155878,Adam-Remmele-Schule,48.99965,8.34065
1103752739,ALDI SÜD,49.02103,8.35402
1070067178,Stadtbahn Philippstraße,49.01145,8.36437
50605089,Alfa,49.00859,8.39664
50604368,Auferstehungskirche,49.01218,8.3839
1058556685,Dr. med. dent. Ernst Bertram,49.00591,8.37714
1039130163,PALMERS,49.00564,8.40312
801782356,Drais-Apotheke,49.01749,8.36775
1070085021,Stadtbahn Haus Bethlehem,49.03362,8.37644
1039211644,Starbucks-Ettlinger Tor,49.00564,8.40312
1039210476,Scruffy's Irish Pub,49.01158,8.3952
1058556696,Zahnarztpraxis Dr. Lahr,49.00752,8.38922
1108686606,Patrick Waltner-Professional Hair,49.00834,8.42734
1039893029,Heinrich-Hertz-Schule,48.99876,8.38419
1017621220,Amtsgericht Karlsruhe,49.01165,8.40111
1112142131,Elke Lazar Blumen und Geschenke,49.0047,8.33119
1132034817,Fahrrad Wulf,49.00934,8.38972
1112142126,RETIF Floristik,49.00637,8.44356
1011027087,Technologiepark Karlsruhe,49.02096,8.44105
898522360,Postbank,49.01001,8.39462
1193037899,Treffpunkt,49.01634,8.44088
1039243422,Rheinwaldhütte,49.00795,8.31776
1017027839,Hauptbahnhof P7,48.99158,8.39815
1023773293,Volkswagen Zentrum Karlsruhe GmbH,49.00833,8.41715
1149534815,Neuer Zirkel,49.01158,8.4089
1178850682,Dr. med. Adrian Schäfer,48.99681,8.34869
1108712214,Friseur Asymmetrie,49.02338,8.37352
1113023123,Lang Automobile GmbH,49.00806,8.44297
1011093793,Gewerbegebiet Neureuterstraße,49.03765,8.36533
1108536923,Doering Spielwaren,49.00934,8.40095
1058544173,Zahnarztpraxis Dr. Becherer,49.00248,8.3988
1149443590,No17 Fleur de Sel,49.00566,8.41024
1148730267,B & B Hotel Karlsruhe,48.99192,8.40283
1005232594,HORNBACH,48.99834,8.35671
1108536937,Fingerhut Pfiffiges Spielzeug,49.00964,8.38176
800759072,Sushi Circle,49.00721,8.40265
1058544184,Zahnarztpraxis Bernd Schuler,49.03076,8.36632
1070459466,Tchibo,49.00981,8.39893
50612481,Sankt-Vincentius-Kliniken II,48.99974,8.37944
1039880697,Multi Kulti,49.01091,8.40264
800763864,Johannes-Apotheke,49.00769,8.41092
57563179,McDonald's (McDrive),48.99049,8.37234
1039243166,Die Pinte,49.00795,8.38958
800766609,Buchkaiser,49.00987,8.39757
1031198251,Evangel. Kindergarten,49.01642,8.42394
1132504374,O2,49.00564,8.40312
1039823164,St. Michael,48.99426,8.39006
1070066402,Stadtbahn Europaplatz/PostGalerie,49.01002,8.39427
801780836,Apotheke am Durlacher Tor,49.00865,8.41821
1058701741,Dr. Dr. med. dent. Naftali Cohn,49.02416,8.37145
1110490844,Sparkasse Karlsruhe Ettlingen,48.99581,8.35307
1011545178,MEXX,49.00961,8.40313
1108686610,Scherb Salon,48.9956,8.40234
50603000,ARAL,49.0151,8.43475
1178851649,Dr. med. Beate Weinschenk,49.00744,8.38977
1108687032,Salon Mewan,49.01011,8.39328
50605161,Ambassador,49.00799,8.39152
1126266704,Sparkasse Karlsruhe Ettlingen,49.0035,8.38166
800762969,Gigi,49.00306,8.40556
50603203,JET,49.01414,8.35497
1193011709,Zel Restaurant,49.01016,8.39213
1104303589,G + H Modevertrieb,49.00749,8.39488
997869580,AH Neureither Karlsruhe GmbH,49.03247,8.35896
1178852284,Prof. Dr. med. Uwe Müller-Bühl,49.00796,8.39574
898112750,Christuskirche,49.01139,8.38649
1001488695,PENNY,49.02995,8.37489
1192920203,Culteum,49.01016,8.42486
1039880309,Polizeiposten Bulach,48.98839,8.37868
1017890490,BBBank,49.01075,8.37612
801778263,Jüdische Kultusgemeinde Karlsruhe,49.01696,8.38743
1178850921,Dr. med. Kathrin Prinz,49.00292,8.33605
1148922680,Die Gurke,49.00184,8.39355
1005231867,Kath. Kindergarten Edith-Stein,49.00884,8.38529
1039212938,Pershia,49.00546,8.34104
1005154592,Tulla-Realschule,49.01407,8.43994
1135005148,BAUHAUS,49.0084,8.43954
1148908266,Besitos,49.0088,8.40407
1137321229,Sparkasse Karlsruhe Ettlingen,49.00537,8.33129
1112142138,Blumen Glücksklee,49.0115,8.36296
1100436680,Douglas,49.00564,8.40312
1104303609,MARCCAIN,49.0077,8.39359
50611580,Gartenhalle,49.00324,8.40193
50605975,Leonardo Hotel Karlsruhe,49.00012,8.40321
57565933,Autohaus Graf Hardenberg GmbH,49.01599,8.35398
1108687029,Friseur Asymmetrie,49.00829,8.36799
1005228557,Kath. Kindertagesstätte St. Stephan,49.00773,8.40893
898517162,Postbank-Finanzcenter,49.01082,8.35999
1070091396,Stadtbahn Gottesauer Platz/BVG,49.0077,8.42422
800067274,Autohaus Lang GmbH,49.00806,8.44297
50610211,Hauptbahnhof P3,48.99211,8.40119
1024643605,Volksbank Karlsruhe eG Filiale Am Gutenbergplatz,49.00819,8.37607
1024643682,Volksbank Karlsruhe eG Filiale Am Karlstor,49.00515,8.39473
1039814535,Staatl. Akademie Bildende Künste,49.01295,8.38773
1131716903,Nibelungenplatz,49.01616,8.36674
50610665,P+R Kurzheckweg,49.01573,8.34773
57565729,Shell,49.02481,8.35734
1192336289,S Lounge,48.99736,8.41078
1011026856,Gewerbegebiet Weinweg,49.0076,8.44418
1039893027,Heinrich-Köhler-Schule,49.01407,8.43994
1039266230,Hatz Bäckereibetrieb,48.98887,8.3827
1039893028,Heinrich-Hübsch-Schule,49.00694,8.40996
1116117430,Volksbank Karlsruhe eG Filiale Südstadt,49.00145,8.40747
1024132960,EUROMOBIL Audi Zentrum Karlsruhe GmbH,49.00607,8.44281
1112420131,Autohaus Ph. Hatzner GmbH,48.99634,8.41005
1058549170,Zahnarztpraxis Dr. Klaus Hölzer,49.01558,8.44334
1031198211,Evangel. Kindergarten,48.99643,8.3388
1132504727,Street One,49.00564,8.40312
1108687027,Friseure Kamm in,49.00769,8.38666
1112142124,Steinbach Floristik,49.0138,8.43034
1108687020,Abschnitt 22,49.00866,8.3916
1058556665,Zahnarztpraxis Dr. Peter Vierneisel,49.01042,8.38305
50611594,Schwarzwaldhalle,49.00294,8.39972
1031412324,Waldhornstraße,49.01149,8.40767
1178852392,Dr. med. Wolfgang Calmbach,49.00938,8.42444
50602849,ARAL,48.99503,8.38956
1031175682,BURGER KING,48.99761,8.34699
1017917097,Volksbank Karlsruhe,49.00497,8.41058
1039815630,Johanniskirche,49.00146,8.40789
1039210485,Central Imbiss,49.00884,8.3919
1039815346,Jakobuskirche,49.03369,8.37365
1148725232,TeeGschwendner,49.00998,8.39529
1001398160,Europabad,48.9966,8.37802
1005224146,Kath. Kindergarten St. Pius,49.00677,8.368
1131722976,TSV Grünwinkel 1862,49.00095,8.35161
1178852639,Günther Seitel,49.00965,8.40311
800757942,Ev.-Freikirchliche Gemeinde,49.00632,8.406
50606144,Steuermann,49.00927,8.33366
1070156886,VAPIANO,49.01107,8.39518
996412110,Maryland Schule,49.02677,8.38814
1039823171,St. Mathias,49.03448,8.37122
1039893717,Treff 3000 Daxlanden,49.0054,8.33259
800761157,Polizeirevier Karlsruhe-Südweststadt,49.00156,8.39765
1039266235,Bäckerei Fütterer,48.99773,8.39291
1193024473,Bier und Weinstube,49.0087,8.42208
1005358209,Karl Schmitt & Co.,48.99449,8.4016
1132504731,Mister Minit,49.00564,8.40312
1192311791,El Taquito,49.01042,8.39823
1011027088,Rheinhäfen Karlsruhe,49.01709,8.32174
800766376,Stadtbibliothek Karlsruhe,49.00869,8.4001
1070132238,Stadtbahn Karlsruhe-Hauptbahnhof,48.99442,8.40132
50604512,Hauptpost,49.01001,8.39462
1058650195,Streit Autohandels GmbH,49.03247,8.35896
1132504732,Tchibo,49.00564,8.40312
1108687031,Salon Art of Hair,49.01037,8.38626
57568337,Autohaus Schreiber GmbH,49.03408,8.35712
1178851816,Dr. med. Mario Wild,49.03073,8.36678
57567919,Autohaus del Sol Zweign. Vwzentrum Karls,49.00833,8.41715
1070091403,Stadtbahn Weinweg,49.0045,8.4413
50604576,Karl-Friedrich-Gedächtniskirche,49.01375,8.35947
1104101724,AppelrathCüpper,49.00564,8.40312
1023822445,Evangelische Bank,49.00744,8.39847
1144514063,Vergölst GmbH,48.99947,8.36249
1174481892,Fächerrad,49.01082,8.39512
1039321041,McCafé,48.99049,8.37234
1148918229,Confiserie Endle,49.01019,8.39063
1070067526,Stadtbahn Dornröschenweg,48.99289,8.33549
1058541577,Zahnarztpraxis Dr. Schaufelberger,49.00927,8.39065
1178869673,Dr. med. Ursula Ringlage,49.00371,8.37273
57540923,La Strada-Pasta Pasta,49.0077,8.39518
57565557,ZKM Medienmuseum,49.00128,8.38308
1039892650,Federbachschule,49.0049,8.32624
1070464354,Tchibo,49.01001,8.39462
1104118468,Zapata Mode,49.00985,8.39889
1070066403,Stadtbahn Marktplatz,49.00925,8.40408
1040338491,Klinik für Ästh. - Plast. Chirurgie,49.00127,8.39745
1070067171,Stadtbahn Mühlburger Tor,49.01038,8.38695
50614181,Jakobustheater in der Fabrik,49.01044,8.38464
50609423,Bannwaldallee,48.99825,8.37108
1017393315,Hauptbahnhof P3,48.99211,8.40119
1039823168,St. Martin,49.01281,8.44062
1039212939,Gasthaus Blume,49.00648,8.32796
1017890502,Volksbank Karlsruhe,49.00655,8.43061
1132504365,McPaper,49.00564,8.40312
1178852536,Dr. med. Johannes Klein,49.00948,8.42413
50609420,Waidweg,49.00518,8.32311
1023843397,Evangelische Bank,49.00744,8.39847
1058556708,Zahnarztpraxis Markus Boldyreff,49.00957,8.42374
50614182,Figurentheater,49.01044,8.38464
50611596,Stadthalle Karlsruhe,49.00324,8.40193
1070085734,Stadtbahn Hauptfriedhof,49.0137,8.42948
1039893526,Weinbrennerschule,49.00557,8.37638
800763712,Thali,48.9985,8.40382
1039814980,Werkraum,49.00353,8.408
1178852448,Dr. med. Rosmarie Weber-Lauffer,49.00857,8.39507
1178868046,Dr. med. Berthold R. L. Borst,49.00209,8.34543
801780845,Drei-Linden-Apotheke,49.01148,8.3649
801782277,Apotheke am Kirchplatz,49.00455,8.33236
1193021278,San Marco,49.01249,8.35706
998237675,Gartenschule,49.00429,8.39498
1017890491,BBBank,49.01075,8.37612
50610381,Ludwigsplatz,49.00757,8.39568
50604284,Zum Ritter,49.01459,8.36024
1005224188,Freier Aktiver Kindergarten,49.02783,8.38615
1174482052,Fächerrad,49.03019,8.37599
1031851896,AVIA shop,49.02931,8.3704
1005358208,Blumen im Hauptbahnhof,48.99449,8.4016
1165776897,Ev. Freikirchliche Gemeinde,49.03296,8.39355
898512893,Friedhof Nordwest,49.03323,8.36475
1161792131,Ettlinger Tor,49.0062,8.4005
800757323,Karl-Apotheke am Stephanplatz,49.00815,8.39487
1193011867,Kofflers Wiener Beisel,49.00954,8.40495
1039814539,Städtische Galerie,49.00053,8.38298
1108686607,Friseursalon Carolin,49.00667,8.42066
1178850867,Dr. med. Wolfgang Büchler,49.00384,8.33693
800748563,Mille Stelle,49.01083,8.39423
1110490884,Sparkasse Karlsruhe Ettlingen,49.00785,8.37957
1178053450,Esso,49.00471,8.38696
1108686996,Der Trendfriseur Gudin,49.01126,8.36625
1058556705,Praxis Werner Beyer,49.01044,8.42567
1005155377,Helmholtz-Gymnasium,49.01068,8.38383
1164975427,Boesner,48.99608,8.37282
1108686601,Donato Hair Creations,49.00699,8.39236
800759296,Löwen-Apotheke am Marktplatz,49.00957,8.40444
1178852672,Wencke Winand,49.0007,8.40485
1174481830,Fächerrad,49.01527,8.41978
1024168212,Volksbank Karlsruhe,49.01035,8.42339
1058556676,Dr. Antje von Wolffersdorff,49.00883,8.37241
1031198219,AWO Kindertagesstätte Bernstein,48.99669,8.3539
1108686632,Coiffeur Britta,48.99864,8.39383
1017621205,Verwaltungsgericht Karlsruhe,49.01274,8.38418
1039240970,Dicke Berta,49.00828,8.3728
1005162994,Kimmelmannschule,48.99742,8.38853
1194474414,Stadtgarten Zoo,48.99475,8.40041
1110559608,Sparkasse Karlsruhe Ettlingen,49.002,8.39444
1017889969,BBBank,49.01155,8.41774
1193011190,Pizza Sofort,48.99155,8.38905
1039130164,S. Oliver,49.00564,8.40312
800758058,TARGOBANK,49.00947,8.40566
800764274,Bücher Books Livres,48.99499,8.40137
801780591,Friesen-Apotheke,49.00484,8.44622
57553100,Kaiserpassage,49.01021,8.39648
1039243144,Sole d'Oro,48.99472,8.3939
1017890546,Volksbank Karlsruhe,49.0041,8.33338
1058556491,Dr. Martin Hempel,49.005,8.39806
1039815345,St. Elisabeth,48.99862,8.38753
1103752740,ALDI SÜD,49.01075,8.3988
1165492207,Monk Bar,49.00938,8.39168
1164871054,KiK,49.00171,8.39438
1131730631,TSV Karlsruhe-Rintheim,49.01188,8.43972
50602851,ARAL,49.00779,8.42283
1017621239,Oberlandesgericht Karlsruhe,49.01268,8.38506
1174487442,Fächerrad,49.00331,8.386
1024643700,Volksbank Karlsruhe eG Filiale Oststadt,49.01035,8.42339
1017890471,Volksbank Karlsruhe,49.00957,8.40444
1070066401,Stadtbahn Herrenstraße,49.00974,8.40035
1178852241,Dr. med. Ulrike Philippin-Noll,49.00533,8.39893
1017621219,Badische Landesbibliothek,49.00822,8.39935
1039243423,Radlertreff,48.99405,8.36314
1126266735,Sparkasse Karlsruhe Ettlingen,49.0307,8.36761
898116476,Bonifatiuskirche,49.0079,8.37873
1001026860,JH Karlsruhe,49.01542,8.39284
1039816067,Philippuskirche,48.99643,8.3388
1039893319,Schule am Weinweg,49.01222,8.44592
1113027304,HIT-Verbrauchermarkt,48.99806,8.34983
1039104946,ESPRIT,49.00564,8.40312
1108712247,Luckyhair Friseursalon,49.03042,8.36859
1110490829,Sparkasse Karlsruhe Ettlingen,49.01703,8.44445
50603831,Kaiserhof,49.00787,8.40373
1192311591,Dance-World M/M,49.01015,8.39778
1070623666,O2,49.01126,8.36184
1163982617,Autohaus Lang am Ostring GmbH,49.00806,8.44297
995160229,Sauter + Gut GmbH,49.00239,8.395
1039782018,Netto Marken-Discount,49.02713,8.3579
1161921750,P+R Ostring,49.01171,8.44062
1070085531,Stadtbahn Durlacher Tor,49.00886,8.41827
57556289,bft,48.99617,8.36071
1070447702,Ernsting's Family,49.00516,8.44648
800764857,Maredo,49.00899,8.40213
1058544212,Zahnarztpraxis Matthias Springer,49.0054,8.33259
1110490848,Sparkasse Karlsruhe Ettlingen,48.9888,8.3826
1005231357,Kath. Kindergarten St. Alfonsus,48.99301,8.387
1132207263,Strebel & Co,49.01067,8.40127
51773560,Beim Schupi,49.00764,8.35642
1108536636,Toys R Us,49.0176,8.35419
1131716846,Sportgemeinschaft Siemens Karlsruhe,49.02616,8.36565
1148921786,Da Giovanni,49.00111,8.39083
1131730988,Otto-Dullenkopf-Park,49.00346,8.42675
1193011935,Freizeitwerk des Bdkj,49.00727,8.40653
1017890514,Volksbank Karlsruhe,48.98902,8.3831
1017889707,PSD Bank Karlsruhe-Neustadt,49.00466,8.41138
800759938,Schloss-Apotheke,49.00913,8.4086
1108696558,Atic Friseure-Merino Schwarz Steinmann,48.9944,8.39758
1131716845,Tennisclub Karlsruhe-West,49.02253,8.36373
1165961610,Brillux,48.99886,8.3469
50603823,Kühler Krug,49.00496,8.36842
1131731035,Scheffelplatz,49.01315,8.39002
800756246,Apotheke am Gothaer Haus,49.00935,8.39892
50612527,KIT Campus Süd,49.00932,8.41163
1148922679,Da Paolino,49.00896,8.36783
1058701748,Dr. Joachim W. Schröder,49.01473,8.36131
1100954193,TUI ReiseCenter,49.02795,8.34988
1132504729,Apollo Optik,49.00564,8.40312
800056136,Apotheke Ettlinger Tor,49.00564,8.40332
1178852719,Dr. med. Fritz Kern,49.00145,8.40747
1131716908,Nottingham-Anlage,49.00892,8.38406
1010054604,Coffee Fellows,48.99443,8.40134
1017621210,Landgericht Karlsruhe,49.01241,8.39881
1039880514,Hertz,49.02795,8.34988
844320896,McDonald's (McDrive),49.03398,8.39424
57564423,Filmpalast am ZKM,49.00007,8.38465
1039877200,ROSSMANN,49.002,8.39444
1108705502,Die rollenden Friseure,48.99589,8.40533
1115829168,Volksbank Karlsruhe eG Filiale Nordstadt,49.0209,8.38655
1039260437,Hofmeister Brot,49.00905,8.41501
1039266210,Brauss Bäckerei-Konditorei,49.01634,8.44116
1010718008,Karstadt,49.00967,8.4019
1039243171,Bistro Klimbim,49.01158,8.35925
1148861119,Flinkster-Hauptbahnhof 3 (Schwarzwaldstr.),48.99131,8.40053
1039243165,Viva,49.00874,8.40228
800766574,Erbprinzenhof,49.00889,8.39732
800841281,ARAL,49.00914,8.39104
57552803,Il Caminetto,49.01021,8.40773
1193362687,Der Vogelbräu,49.0073,8.41403
50609430,Weinweg,49.00478,8.44302
1131716848,Karlsruher Fußball-Club West 1932,49.02353,8.366
1005220401,Kath. Kindertagheim St. Angela,49.00741,8.4131
1039259843,Fleisch-Kuhn,49.01097,8.34745
1039259864,Fleischerei Rachele,49.01155,8.3148
800761855,Stadtpfarrkirche Sankt Stephan,49.00813,8.39976
1132504369,JACK & JONES,49.00564,8.40312
1148921125,Carpe Diem,49.0094,8.37546
1039243164,El Greco,49.00107,8.41312
1193011662,Pasta E Passione,49.00795,8.38108
1108686998,hairkiller,49.00944,8.40772
1132504370,Schuhhof,49.00564,8.40312
57567920,Autohaus del Sol Zweign. Vwzentrum Karls,49.00833,8.41715
1193011991,Pizzahaus,49.01082,8.42356
1166607058,Deutsche Apotheker- und Ärztebank,49.00403,8.42021
1031198214,Carl-Engler-Schule,48.99798,8.38074
1132034917,Zweirad Eicker,49.0305,8.3593
1039266232,Brauss Bäckerei-Konditorei,49.01028,8.4257
801780824,Weinbrenner-Apotheke,49.00661,8.37525
1108687010,Studio P Parrucchieri Friseurgeschäft,49.0102,8.3903
801780843,Falken-Apotheke,49.00495,8.33174
1176630103,Rubenbauer,48.99445,8.40144
1070618897,Apollo Optik,49.03071,8.36745
1178869538,Dr. med. Angelika Loesch,49.0112,8.36135
800766640,Metzlersche Buchhandlung,49.01071,8.39516
800106337,Graf Hardenberg GmbH,49.00838,8.41704
1165961640,Küche & Co Karlsruhe,49.01152,8.38757
1058551465,Zahnarzt Dr. Hermann Schmitt,48.99808,8.39382
1110490529,Sparkasse Karlsruhe Ettlingen,49.00497,8.41028
57553199,bft,49.01584,8.39799
50613045,Cafe Konditorei Jäck,49.00694,8.39482
1005229661,Kath. Kinderg. St. Josef Pfarrzent.,48.99864,8.35033
1135083805,Bratar,49.00884,8.39736
1193018635,Lucas Feinkost,49.00089,8.40572
1104115629,Hemdenservice Piccobello,49.00893,8.39176
800766181,Sparda-Bank Baden-Württemberg,49.0044,8.40957
800056144,Scheck-in Center,49.00561,8.41055
1148918230,Cafe Creative Cuisine,49.00099,8.38873
801782352,Rhein-Apotheke,49.0112,8.36136
1017619246,Bundesverfassungsgericht,49.01232,8.40154
1112142141,Blumen Reichert,49.00867,8.42373
1005232091,Kath. Kindergarten St. Michael,48.99454,8.38881
1100964674,Versorgungsanstalt des Bundes und der Länder,49.01429,8.39736
1039210490,Mediterane,49.00198,8.39418
1132504359,TOM TAILOR,49.00564,8.40312
1166357601,Barbarossaplatz,48.99486,8.38955
1164824942,Hermes PaketShop,49.0058,8.3498
1039130161,MANGO,49.00564,8.40312
1023826376,Spar-und Kreditbank,48.99703,8.4044
1174482180,Fächerrad,48.99423,8.3966
1126267095,Sparkasse Karlsruhe Ettlingen,48.9972,8.33642
1058544162,Dr. med. dent. Helmut Fulde,49.00935,8.40978
57563898,BURGER KING,49.02829,8.35829
1017890525,BBBank,49.01738,8.44337
1058701388,Dr. Wolfgang Thumulka,49.00119,8.33964
1193944844,Eis Cassata Karlsruhe,49.00896,8.42366
1193145874,Ludwigs,49.00897,8.39592
1024643518,Volksbank Karlsruhe eG Filiale Binsenschlauch,49.03073,8.367
1137449870,Kim Fat,49.01064,8.40138
1178852364,Dr. med. Jörg Bechtold,49.00314,8.40443
1096899559,Autohaus Lang GmbH,49.00806,8.44297
51773931,San Felice,49.03231,8.38826
1131730987,TC Grün-Weiß Karlsruhe,49.00183,8.42304
800764596,Füllhorn Bio Markt,49.00884,8.39736
1039814902,Clef,49.01027,8.39653
1178851694,Dr. med. Thomas Bohn,49.01491,8.37513
1108686600,A + M Friseur,49.00778,8.39373
1039243158,Moghul Mahal,49.01326,8.3746
1132504734,Yves Rocher,49.00564,8.40312
1048476366,Deutsche Rentenversicherung Baden-Württemberg,49.00467,8.37963
57561539,BURGER KING,49.00952,8.40545
1058556662,Dr. med. dent. Andreas Thiel,49.01138,8.36996
1132034187,MK Bikes,49.00046,8.39514
1031198229,Evangel. Kindergarten,49.01719,8.38407
1039266243,Hatz Bäckereibetrieb,48.99277,8.39251
1058544172,Zahnarztpraxis Dr. i. Heilinger,49.00982,8.39874
1017555765,Schloßplatz,49.01092,8.40451
1132504364,NICI,49.00564,8.40312
800761070,Litfaß,49.00907,8.40538
1112147804,Blumen Jacaranda,49.02802,8.37241
800749510,Zentral-Apotheke,49.00986,8.39874
800753225,Emaille,49.01002,8.3955
1164975333,Schlemmermeyer,49.00979,8.40002
1131716828,Sportverein Nordwest 1960,49.03137,8.37228
51774481,Rathaus Karlsruhe,49.00858,8.40367
1017889009,BBBank,49.01113,8.36086
57553099,Kaiserstraße,49.01004,8.39427
1039243142,Shiraz,49.00764,8.38751
1192310659,Boboq Karlsruhe,49.00938,8.40909
1178850972,Dr. med. Hans-Joachim Jonderko,48.99035,8.38437
1039210468,Kofflers Wiener Beisel,49.00954,8.40508
1039266246,Armbruster Back-Shop,49.00919,8.4381
1164824939,Hermes PaketShop,49.00168,8.41312
1039263457,Bäckerei Meier,49.00189,8.39199
1039782028,Mister Lady,49.00564,8.40312
1110490874,Sparkasse Karlsruhe Ettlingen,49.00531,8.33115
1148940844,Polizeiposten Mühlburg,49.01384,8.35502
1058556671,Dr. med. dent. Gerold Marcian,49.00306,8.40428
1108398605,Fassbender Tennis & Golf,49.00739,8.39607
1175957090,Parkhaus Passagehof,49.01146,8.3982
1104303654,Bogner,49.00627,8.39459
1131716827,Kleingartenanlage Binsenschlauch,49.03229,8.36404
1070067175,Stadtbahn Händelstraße,49.01114,8.36911
1108686619,Christianes Hairpoint,48.99428,8.39718
1070075893,Stadtbahn Lameyplatz,49.01335,8.35452
1017890480,BBBank,49.00738,8.34261
1039210475,Da Nang,49.00945,8.40652
898517696,Lessing Gymnasium,49.00813,8.37532
1141520355,Sparkasse Karlsruhe Ettlingen,49.0103,8.42341
1024643474,Volksbank Karlsruhe eG Filiale Daxlanden,49.0041,8.33338
800762638,Tiefgarage Zentrum Süd,49.00721,8.40265
898512325,Friedhof Bulach,48.98288,8.37411
1070623338,O2,49.00995,8.39681
1070067174,Stadtbahn Händelstraße,49.0113,8.36923
800758882,Kaiser Grill,49.00939,8.40882
1104303631,TOMMY HILFIGER,49.00564,8.40312
1039782019,Nah und Gut Holzer,49.01135,8.36331
1039259863,Bäckerei-Konditorei Walter Brauss,49.01102,8.31613
1039815629,Paul-Gerhard-Kirche,48.9912,8.392
1108686994,Schöne Haare Karlsruhe,49.00828,8.39659
1193012063,Il Giardino,49.01178,8.39933
800751253,dm,49.01007,8.39423
57568336,Autohaus Schreiber GmbH,49.03408,8.35712
1039104948,H&M,49.00985,8.39889
1104303594,promod,49.00983,8.39835
800749609,Hypovereinsbank,49.00857,8.39508
1039212963,Eis-Oma,48.99312,8.35392
1005226632,Kath. Kindergarten St. Lioba,49.00641,8.37821
1193012410,La Gioconda,49.01127,8.39652
1010054598,Kiefers Süße Welt,48.99217,8.40211
1194474445,Stadtgarten Zoo,48.99475,8.40041
1039257740,Mythos,49.03137,8.37228
1132504363,Nanu Nana,49.00564,8.40312
1104303665,Strauss Innovation,49.00994,8.39646
800763788,Commerzbank,49.00909,8.40411
1017621223,Metzgerei Kurt Sack,49.00888,8.37466
1115851474,AH Neureither Karlsruhe GmbH,49.03247,8.35896
1100438750,Douglas,49.00974,8.40031
1165537527,Baden-Württembergische Bank,49.0053,8.41433
800763293,Postbank-Finanzcenter,48.9951,8.40365
1159534505,SIXT (Karlsruhe Zentrum),49.01044,8.38464
1148121265,VERO MODA,49.00988,8.39815
1039257764,Am Entenfang,49.01135,8.35968
1104101725,UNITED COLORS OF BENETTON,49.00564,8.40312
800056132,REWE,49.00564,8.40332
1039892651,Friedrich-Ebert-Schule,49.00896,8.36326
1193011622,Portale 50,49.00748,8.39312
801780825,Sofien-Apotheke Karlsruhe,49.00879,8.37364
1024643681,Volksbank Karlsruhe eG Filiale Am Marktplatz,49.00947,8.40569
1070075892,Stadtbahn Lameyplatz,49.01301,8.35483
1108686604,Seki-Hair,49.00696,8.39127
1164919041,dm,49.03656,8.39305
1039104941,H&M,49.00972,8.40168
1164824945,Hermes PaketShop,49.00454,8.3937
1108687006,C & M Company,49.01093,8.39911
1005153891,Europahalle,48.99707,8.37751
801779391,Sankt Cyriacus-Kirche,48.98807,8.38113
800748874,Baden-Württembergische Bank,49.00861,8.40064
50603047,JET,49.01326,8.42834
1040338492,Amedis Zahnklinik,49.00976,8.4007
1132504728,SALAMANDER,49.00564,8.40312
1001493076,PENNY,49.00134,8.39427
1108686991,Lena Schlager Friseur,49.01332,8.35556
1039814541,HfM Freiburg,49.00488,8.42677
1174481834,Fächerrad,49.00868,8.39497
1112148238,Dekofleur,49.00817,8.44449
800765325,Ludwig-Erhard-Schule,49.01053,8.41112
1011027093,Siemens Industriepark Karlsruhe,49.02792,8.35287
50603204,Esso,49.00471,8.38696
1166074821,St. Christophorus-Kirche,49.0183,8.44486
898513834,Rennbuckel Realschule,49.02506,8.36056
50605091,Allee Hotel,49.01094,8.37169
57569330,"Post, Breite Straße",48.99242,8.38594
50603616,Papa Corleone,49.00862,8.37521
50612705,Verkehrmuseum Karlsruhe E. V.,49.00153,8.40906
1108686625,Friseur Harald Nossem,49.00558,8.39425
1161792129,Luisenstraße Südstadt,49.00069,8.40419
57553313,Volkswagen Zentrum Karlsruhe GmbH,48.99663,8.34614
1070464250,Tchibo,49.01127,8.36053
800851021,Schloßplatz,49.01092,8.40403
1112142142,Marcos Blumeninsel,49.01561,8.35416
1144513514,Purino,49.00377,8.42638
1165846659,Kirche Sankt Konrad,49.02323,8.36605
1017889806,Volksbank Karlsruhe,49.00515,8.39473
1039814979,Kammertheater Karlsruhe,49.00888,8.39835
50612296,Pyramide,49.00925,8.40408
1039893026,Hardtschule,49.01067,8.35572
801779857,Bernhardus-Kirche,49.00908,8.419
1070085733,Stadtbahn Hauptfriedhof,49.01364,8.42958
1039892566,Bismarck-Gymnasium,49.01315,8.39492
1192925427,Am Tivoli,48.99736,8.41078
1192311213,Charles Oxford Burger & Beer,49.01022,8.39789
1039321009,McCafé,48.99449,8.4016
57568150,Sankt-Vincentius-Kliniken II-Notaufnahme,48.99974,8.37944
1005224459,Kindertages. Eltern-Ini. Karlsruhe,49.01473,8.38521
1058556672,Dres. med. dent. Christoph Niesel & Johannes Thom,49.00533,8.39896
1132504724,ONLY,49.00564,8.40312
800763967,Yin-Yang,49.01097,8.39574
1135445621,Autohaus Brenk GmbH,49.03316,8.35534
1039266259,Oststadt Super-Bio-Markt,49.00953,8.42328
1031201670,Evangel. Kindergarten,49.02358,8.37483
898512271,Jüdischer Friedhof,49.00488,8.41804
800056133,La Pizza,49.00564,8.40332
1058556706,Zahnärztin Dr. Anna Balthasar,49.00997,8.39666
1039243139,Gasthaus Gutenberg,49.00879,8.37608
1024643699,Volksbank Karlsruhe,49.00578,8.41369
50605272,Betzler,49.00739,8.39607
1143809686,ALEX Karlsruhe,49.01001,8.39462
1039243155,Bistro Hexenstüble,49.01031,8.42337
1070067168,Stadtbahn Entenfang,49.01078,8.35956
1039266252,Bäckerei Brotkorb,48.99677,8.36029
1164824936,Hermes PaketShop,49.01097,8.37107
57563181,McDonald's,48.99449,8.4016
1039210459,Cafe Extrablatt,49.00763,8.39337
1070067520,Stadtbahn Rheinhafenstraße,49.00153,8.34515
1192311720,Eduglobal Institut für Sprache und Bildung,49.00881,8.39704
57567729,Generalkonsulat Türkei,49.01133,8.43513
1178851904,Dr. med. Wolf-Hasso Nixdorf,49.01188,8.36152
800766681,Postbank,48.9951,8.40365
57552798,Unverschämt,49.01036,8.3867
1164824943,Hermes PaketShop,49.00015,8.4106
1110490838,Sparkasse Karlsruhe Ettlingen,49.01133,8.36437
1108687008,Gerald-Coiffure,49.00829,8.3977
1139160686,Shell-Bargeldservice,49.02471,8.35729
1039257285,Bierakademie Karlsruhe,49.01071,8.39351
1058544204,Zahnarzt Mittenbuehler,49.01422,8.42282
1039782030,Nah und Gut Arivo,49.01708,8.36245
1116117429,Sparda-Bank Baden-Württemberg eG,48.9988,8.38437
1069815455,Europcar,49.02636,8.35758
1137762518,Psychotherapie Dr. Heuser,49.00895,8.39701
1132034818,Fahrradmarkt Henschl,49.01114,8.4389
1132504735,Telekom Shop,49.00564,8.40312
800761204,Asia Dynastie,49.01042,8.39823
1104118467,Mode-Shop Vetter,49.0042,8.3946
1039266218,Bäckerei Salzmann,48.99879,8.40586
1138941532,Ah. Neureither Karlsruhe GmbH,49.03228,8.35886
1039243132,Heilige Sophie,49.00696,8.39127
1112455259,Autohaus Walter Hertenstein GmbH,49.01136,8.36756
1108686597,fön hair friends,49.00326,8.38689
1039880702,Badische Weinstuben,49.0133,8.40265
1132034814,Bike Lager,48.9974,8.40429
50605525,Hasen,49.00845,8.43009
1108686591,Coiffeur Metin,49.00186,8.40321
1024187152,"LIDL, Zeppelinstraße",49.00295,8.35668
1165144608,Deutsche Apotheker- und Ärztebank,49.00403,8.4202
800764452,Il Teatro,49.00454,8.40325
1193028891,Livingroom,49.00795,8.38108
50612145,Vierordtbad,49.00324,8.40193
1070084709,Stadtbahn Knielinger Allee,49.01928,8.37524
1141850940,Müller,49.00973,8.40044
1039816064,Stephanuskirche,48.99084,8.35385
800765315,Santander CONSUMER BANK,49.01167,8.39526
1148725234,Beate Uhse,49.00938,8.39648
1005231257,Ev. Kindergarten Rintheim,49.01418,8.44634
57540924,Punjab,49.00957,8.38989
50612683,Staatliche Kunsthalle Karlsruhe,49.01175,8.39963
1070459471,Tchibo,49.01127,8.36053
1039104943,H&M,49.00564,8.40312
800749380,Lehner's Wirtshaus,49.00925,8.39504
1104303593,pimkie,49.00983,8.3993
1137459219,Sparkasse Karlsruhe Ettlingen,49.01011,8.42408
1005158272,Freie Aktive Schule Karlsruhe,49.02783,8.38615
800765857,Polizeirevier Marktplatz,49.00785,8.40377
1108687004,Haargalerie T. Benz,49.008,8.39588
1164819837,BURGER KING,49.01001,8.39462
1115829856,Sparda-Bank Baden-Württemberg eG,48.99443,8.40134
50612542,Badischer Kunstverein,49.01119,8.39966
1039210458,Eiscafe Cortina,49.0094,8.4077
1104303666,TOMMY HILFIGER,49.00887,8.39561
1141520353,Sparkasse Karlsruhe Ettlingen,49.00874,8.40228
1070623427,O2,49.00482,8.41058
1017890537,Deutsche Apotheker- und Ärztebank eG Filiale,49.00369,8.3654
50612375,Stadtgarten Zoo,48.99475,8.40041
1058556691,Dr. med. dent. Volker Borchert,49.01075,8.37612
800766758,Bangkok Foodland,49.00819,8.38957
801780842,Paracelsus-Apotheke,48.9961,8.33564
1039814529,Staatl. Hochschule für Gestaltung,49.00209,8.38316
57569325,"Post, Poststraße",48.99515,8.40388
57556144,Kurbel,49.01039,8.39655
1039275844,Wiener Feinbäckerei Heberer,48.99171,8.37507
1024125956,"LIDL, Neureuter Straße",49.01917,8.35603
1058701749,Dr. Heiko Schmitt,49.02076,8.3854
1164958750,Rio,49.00966,8.38636
1178850800,Dana Machajewski,49.00304,8.34377
1108686611,die friseure enrico,49.00652,8.39551
1058541576,Zahnarzt Eggert,49.01127,8.3918
1039266242,Angelika's Backhäusle,49.01062,8.36856
801780840,Tulla-Apotheke,49.00786,8.43155
1135003480,Zahnarzt Dr. Hauger,49.01188,8.36024
1178887218,Dr. med. Dieter Geiger,49.01289,8.44105
980751286,Media Markt,48.9921,8.37287
1178851121,Joachim Wambsganss,48.99428,8.39718
800761953,Universum City Lichtspieltheater,49.01006,8.39442
898512498,Polizeirevier Karlsruhe-Oststadt,49.00742,8.4259
1058556704,Zahnarztpraxis Dr. Metz,48.99839,8.39321
1110559607,Sparkasse Karlsruhe Ettlingen,49.002,8.39444
1070132239,Stadtbahn Karlsruhe-Hauptbahnhof,48.99223,8.40165
1141613339,EUROMOBIL Autohaus del Sol,49.00833,8.41715
1193012136,Il Vino Weinbar,49.00578,8.40339
50610440,Parkhaus Stephanplatz,49.00845,8.39304
50604923,Stadtkirche,49.00857,8.40397
50610538,Tiefgarage Kreuzstraße,49.01003,8.40522
1058556702,Zahnmedizin Angelika Attrasch,49.00144,8.40706
1108686623,Stephen's Hairstyles,49.00931,8.39587
1039266256,Vitalia Reformhaus,49.01149,8.36454
1178727577,Karlsruhe Hbf,48.99434,8.4025
1174482131,Fächerrad,49.00709,8.3436
1193016363,Cielo Rose,49.00631,8.38176
1161921753,P+R Mühlburg,49.01476,8.35219
1039266233,Armbruster Back-Shop,48.9938,8.33638
1132504367,vodafone,49.00564,8.40312
800851242,Mendelsohnplatz,49.00556,8.4128
1126267043,Sparkasse Karlsruhe Ettlingen,49.02919,8.38645
1192291931,Fressnapf,49.00777,8.43923
1132034810,Zweirad Eicker,49.0005,8.35064
1070067179,Stadtbahn Philippstraße,49.01136,8.36448
1039263440,Armbruster Back-Shop,49.00909,8.41027
1039262367,Bäckerei Gordani,49.00404,8.40652
1131716921,Friedhof Mühlburg,49.01383,8.35645
1010094854,Commerzbank,49.0113,8.36077
1017890543,BBBank,49.00386,8.39439
1178852473,Elena Zacharova,49.00955,8.40478
1174481847,Fächerrad,48.99468,8.40031
50606327,Tourist-Information,48.99475,8.40041
1193011166,Indian Curry Haus,49.00729,8.38489
1039210489,Eiscafe Casal,49.00992,8.39726
1193011129,Pizzeria da Paolo,48.98877,8.37706
1039893530,Vogesenschule,49.01034,8.35542
1115829338,Volksbank Karlsruhe eG Filiale Binsenschlauch,49.03073,8.36696
800056127,Post Galerie,49.01005,8.39348
1174481829,Fächerrad,49.00317,8.41566
57561537,Nordsee,49.00957,8.40461
1010068090,EnBW Energie Baden-Württemberg AG,49.00538,8.43679
1110491106,Sparkasse Karlsruhe Ettlingen,48.99508,8.38889
1132504366,GameStop,49.00564,8.40312
50613047,Hansjakob Stube,49.00875,8.3999
1070063451,Stadtbahn Augartenstraße,48.99977,8.40309
57562808,Pizza Hut,49.00929,8.39605
1163236434,PENNY,49.03137,8.3942
800749026,Commerzbank,49.00832,8.40205
1131727372,Friedhof Beiertheim,48.99394,8.38633
1112146620,Floristik Studio Blumenwerkstatt,49.0024,8.39497
1115829183,Sparda-Bank Baden-Württemberg eG,49.01123,8.3603
1010054607,Dr. Fruit's GmbH Früchte-Paradies,48.99449,8.4016
1115829217,Volksbank Karlsruhe eG Filiale Am Marktplatz,49.00947,8.40566
1165961624,Raab Karcher Baustoffhandel,49.01728,8.34632
1017890542,BBBank,49.00386,8.39439
1132504737,Hussel,49.00564,8.40312
1131722970,FC Albsiedlung 1954,49.00761,8.33726
1070084711,Stadtbahn August-Bebel-Straße,49.02412,8.37533
1131716906,Gutenbergplatz,49.00885,8.37539
1098053804,Christ,49.01001,8.39976
1039818394,St. Josef,48.99864,8.35033
1148908265,Brasil,49.009,8.39155
1039266228,Armbruster Back-Shop,49.00564,8.40312
1131716905,Burgunderplatz,49.01543,8.37217
1011023698,Gewerbegebiet Kußmaulstraße,49.01888,8.36934
57569337,"Post, Brettener Straße",49.0173,8.44329
1142398086,REWE City,49.00973,8.42355
1137973003,Lang Automobile GmbH,49.00806,8.44297
1132504358,INTERSPORT,49.00564,8.40312
1166329047,imo Car Wash,48.99049,8.37233
1017888229,Volksbank Karlsruhe,48.99769,8.3717
1192312203,Deutsche Fortbildungsakademie Heilwesen,49.00395,8.42002
898113202,Lutherkirche,49.00789,8.42344
1192312866,El Taquito,49.01042,8.39823
1070085532,Stadtbahn Durlacher Tor,49.00869,8.41819
1039880856,Die Zwiebel,49.00837,8.41995
1039880516,Polizeirevier West,49.01513,8.37618
1058556664,Dr. med. Dr. Mora Cohn,49.0104,8.38366
50610356,Parkhaus Karstadt,49.00913,8.40107
1039893031,Hebelschule,49.01437,8.39553
1132034812,Fahrrad-Shop Cunow,49.0086,8.43172
1039893529,Kindergarten für Körperbehinderte,49.01898,8.44604
1039823170,Unserer Lieben Frau,48.99843,8.40828
801780859,Adler-Apotheke,48.99899,8.40824
50605261,Beim Schupi,49.00764,8.35642
1138941531,Ah. Neureither Karlsruhe GmbH,49.03228,8.35886
1024168209,Volksbank Karlsruhe,49.00054,8.38595
800750065,Museum am Markt,49.01,8.40398
1031198240,Kath. Kindergarten Marienhaus,49.00729,8.42295
1108687033,Friseursalon Spliss,49.00787,8.38184
1112142132,Dehner,49.01874,8.35673
57565575,Konzerthaus,49.00294,8.39972
800753381,L'Incontro,49.0099,8.38978
1178704437,Jet,49.01414,8.35497
1039257756,Winzereck,49.01254,8.36369
800765290,Enchilada,49.00877,8.39543
1039893531,Walter-Eucken-Schule,48.99786,8.37914
1192311340,BURGER KING II,49.01022,8.39789
1024125953,"LIDL, Rüppurrer Straße",48.99619,8.40993
1178851683,Dr. med. Ursula Sulzmann,49.02076,8.3854
1039815632,Lukaskirche,49.01442,8.37064
1011027084,Gewerbegebiet Mittelfeld,48.98208,8.37504
1178852189,Dr. med. Dimitrij Poletajew,49.01261,8.36898
801780822,Margareten-Apotheke,49.00618,8.3781
50610597,Waldhornstraße,49.0109,8.40846
1144513604,Panorama,48.99794,8.39381
50604874,Schloß Karlsruhe,49.01338,8.40454
800851109,Orangerie,49.01327,8.39895
1131722977,Kleingartenanlage Grünwinkel,49.00544,8.35359
800752273,Alnatura,49.00914,8.39336
1039212952,Fantastico Pizzeria,48.99914,8.40604
1024168210,Volksbank Karlsruhe,49.03097,8.38627
1178892196,Agip,49.0187,8.35485
1070067518,Stadtbahn Eckenerstraße,49.0052,8.34984
1108686989,FönX Ihr Friseur & Solarium,48.99808,8.34989
1176630037,Parkhaus Passagehof,49.01103,8.39791
1178851930,Dr. med. Sema Uslu,49.01099,8.36526
1039243151,Gellertstüble,49.00962,8.37327
57556272,ARAL,49.01107,8.37509
50604392,Bernhardus-Kirche,49.00915,8.41898
1178852615,Dr. med. Evgenij Malysev,49.00796,8.39574
57569329,"Post, Durlacher Allee",49.00484,8.44622
1192311615,Menekse Döner & Pizza,49.01,8.40963
800765372,Südwest-Apotheke,49.00511,8.39449
800760220,Hypovereinsbank,49.00857,8.39508
1039266260,Bäckerei Tengelmann,49.00999,8.38185
1112142123,Blumen-Dürr,49.00955,8.42069
1130096339,Ah. Neureither Karlsruhe GmbH,49.03247,8.35896
1126266736,Sparkasse Karlsruhe Ettlingen,49.0307,8.36761
1165144561,ALDI SÜD,48.99107,8.37486
801780821,Herder-Apotheke,49.0111,8.36895
1010736454,Karstadt Sports,49.00974,8.40116
1070623356,O2,49.0098,8.39995
1175957350,Markt Essen & Trinken Rubenbauer,48.99449,8.4016
1108706028,Red Box Hairstore,49.00801,8.39428
1031201691,Evangel. Kindergarten,49.02911,8.36123
1164824940,Hermes PaketShop,49.00909,8.40077
800764829,King Seng,49.00272,8.40562
1070067522,Stadtbahn Karl-Delisle-Straße,48.99587,8.33816
50605156,Am Tiergarten,48.99475,8.40041
1148811763,ALDI SÜD,48.99817,8.34834
1132504371,QUIKSILVER,49.00564,8.40312
1058556683,Zahnarztpraxis Andreas Blesch,49.0068,8.37626
1070418530,McPaper,49.00503,8.4464
1144538115,Kaiserstraße,49.00897,8.40994
50610461,Zirkel,49.01032,8.40238
1164921074,Barmer Gek,49.01055,8.38794
1039816068,Thomaskirche,49.00421,8.34514
1108686589,Hair design Buchfink,49.00042,8.40571
1193953373,Alex Karlsruhe,49.01001,8.39461
1132231324,Matratzen CONCORD,48.98919,8.37319
57563048,Hoepfner Burghof,49.01253,8.42645
50603940,Adria,48.9917,8.39261
1131716904,Richard-Wagner-Platz,49.01248,8.37063
1058541559,Zahnarztpraxis Dr. Grund,49.00909,8.36783
800765870,Aposto,49.0089,8.39565
50610275,Parkhaus beim Marktplatz,49.00835,8.40554
1017889010,BBBank,49.01113,8.36086
50604990,Weltziensches Haus,49.00606,8.39474
1174482026,Fächerrad,48.98805,8.37994
1005221512,Sonderschulkinderg. f. Behinderte,49.02595,8.38777
57540925,La Tegola,49.00165,8.39247
57569331,Postbank-Finanzcenter,49.01075,8.35989
1039286569,Edeka,48.99499,8.40137
1039814541,Hochschule für Musik,49.00488,8.42677
1174482132,Fächerrad,49.00964,8.35488
1132207591,Fahrrad Terminal,49.02668,8.39039
800765812,Stadtinformation,49.0088,8.40407
1039266248,Reformhaus Neuleben,48.99957,8.39436
1031795144,Oberer See,49.01677,8.36119
801780328,Karl-Friedrich-Gedächtniskirche,49.0136,8.35933
1005358212,MB Reisebüro-Touring-Eurolines,48.99217,8.40211
1100919571,Dehner,49.01874,8.35673
1131752905,Zg Raiffeisen,48.99636,8.41006
1174491660,Fächerrad,49.0203,8.38501
1178852093,Dr. med. Martin Scherer,49.00019,8.388
1039243156,Pfannenstiel,49.00784,8.41363
1176754328,AVIA,49.02931,8.3704
50613804,Europahalle,48.99707,8.37751
1148918228,Cafe Lasch,49.00077,8.39257
1039880849,Cafe Palaver,49.00709,8.40733
1058556710,Zahnarztpraxis Stephan Hardt,49.01289,8.36932
1039240178,Hellas Salute,49.03191,8.38744
1031198246,Evangelischer Kindergarten,49.01327,8.36129
1039816420,Herz-Jesu,49.01653,8.38231
50603529,AVIA,49.02931,8.3704
1130109446,Ah. Neureither Karlsruhe GmbH,49.03247,8.35896
1193011683,Pizzeria Fliegender Italiener,49.0113,8.36076
1039243400,Rössle,49.00078,8.35122
1108687002,Notter Friseur,49.01061,8.42195
1174482430,Fächerrad,49.01108,8.41773
50605236,Avisa,48.99629,8.40329
1039251460,Karl Sack Buchhandlung,49.01167,8.39526
800748202,Leopold-Apotheke,49.00744,8.38977
1039893098,Marie-Louise-Kaschnitz-Schule,49.01524,8.37437
1039259849,Wiener Feinbäckerei Heberer,49.00936,8.40953
1103751173,ALDI SÜD,49.03723,8.39246
1070084710,Stadtbahn Knielinger Allee,49.01925,8.37549
50605400,Elite,48.99659,8.39138
1178852496,Dr. med. Gabriele Wildemann-Gilbert,49.00314,8.40443
1039243404,Hellas,49.02561,8.36094
50610631,P+R Europahalle,48.99673,8.37938
1193011592,Klaus Ritter,49.01272,8.3585
50610478,Staatstheater,49.00429,8.40527
1039243141,Pizzeria Centrale,49.00752,8.38921
1193013391,La Brace,49.02353,8.366
57568699,Kongress-Centrum Karlsruhe,49.00371,8.40199
1131735460,Cougars Ballpark,49.02783,8.38615
1142400723,REWE,49.00813,8.3861
1104117185,Natalie Boutique,49.01077,8.35946
1110490835,Sparkasse Karlsruhe Ettlingen,49.01007,8.39328
1193011544,Kolo City Pizza & Kebaphaus,49.00895,8.39156
801780860,Sonnen-Apotheke Karlsruhe,48.99366,8.38996
1039814524,HsKA,49.01458,8.39001
1070132233,Stadtbahn Poststraße,48.99519,8.40388
1112532962,Badische Landesbibliothek (BLB),49.0074,8.39945
998045415,S&G Automobil AG,49.02129,8.35218
1039880841,Gold,49.00946,8.42244
1104115627,Landhausmoden la Belle,49.00627,8.39459
57562592,Postgalerie,49.00824,8.39374
1132504736,BiBA,49.00564,8.40312
50604918,Staatliche Münze,49.01201,8.39523
57568309,SIXT (Karlsruhe Knielingen),49.02765,8.3503
979355721,Media Markt,49.00564,8.40312
800766169,Carl-Hofer-Schule,49.00723,8.40789
1017154880,Deutsche Bank,49.01185,8.35861
50610669,P+R Lindenallee,48.99796,8.33832
1104101723,ANSON'S,49.00564,8.40312
1039321076,McCafé,49.01437,8.35209
1011545405,Bonita,49.00963,8.40371
1001361207,Hauptbahnhof P5,48.99332,8.3975
1017433705,"Comfort Hotel, Star Inn Karlsruhe",49.02904,8.34902
800760269,Edeka Lukasiewicz,49.00909,8.41026
1070447698,Ernsting's Family,49.01001,8.39462
50615119,PORSCHE Zentrum Karlsruhe,48.99206,8.37237
1011023692,Gewerbegebiet Babberger Straße,49.0051,8.31847
1110490861,Sparkasse Karlsruhe Ettlingen,49.02301,8.37348
1112532961,Landesoberkasse (LOK),49.00241,8.38185
1164569884,Hofgarten,49.01055,8.38035
800757076,Stadtmuseum Karlsruhe,49.01118,8.39515
1115829130,Sparda-Bank Baden-Württemberg eG,49.00995,8.39625
1070091397,Stadtbahn Gottesauer Platz/BVG,49.00732,8.42573
1100919588,Depot,49.00393,8.44439
1131716847,Kleingartenanlage Exerzierplatz,49.019,8.37604
1039814903,Nachtwerk Musikclub,49.0114,8.34801
1178852294,Dr. med. Heinke Rau,49.0093,8.39892
1100900878,Gartenhalle,49.00114,8.40264
1100155622,Kaufland Karlsruhe Carl-Metz-Str.,49.01068,8.35351
1193011479,Mevlana,49.00556,8.38155
1104074258,Mrs. Sporty,49.00825,8.38156
898514470,Humboldt Gymnasium,49.03347,8.37044
801780835,Ost-Apotheke Karlsruhe,49.01014,8.42455
800752700,Bodyfit,49.01042,8.39823
1110490862,Sparkasse Karlsruhe Ettlingen,49.02301,8.37348
1174481894,Fächerrad,49.01162,8.40912
50604759,Prinz-Max-Palais,49.01118,8.39515
1193012303,Pizza Perfekt,49.00016,8.40822
1174481893,Fächerrad,49.01996,8.42148
1039814524,HS Karlsruhe Wirtschaft und Technik,49.01458,8.39001
57567977,S&G Automobil AG,49.02129,8.35218
1178850509,Dr. med. Günter Bauer,48.99383,8.33426
50613434,Agip,49.0187,8.35485
800760087,Extrablatt,49.01015,8.39777
1161921577,P+R Kühler Krug,49.00536,8.36774
1039130168,Zero,49.00564,8.40312
1194143015,Polsterei & Autosattlerei Armin,49.01347,8.32294
1192310576,Trattoria-Pizzeria,49.0101,8.39778
1017154881,Deutsche Bank,49.01185,8.35861
1193032992,Iskender Grillhaus,49.0101,8.39328
1166381202,Kaffee Röstbar,49.00417,8.40761
1111956099,Woolworth,49.01005,8.39469
998736499,Autohaus Brenk GmbH,49.03316,8.35534
1100918920,DAS FUTTERHAUS,48.99863,8.34731
1200702930,ALDI Süd,49.00923,8.43986
1193011778,Pizza Blitz,49.00915,8.41236
1039814532,REWE,49.00919,8.4381
1058556682,Andjela Bernhard Zahnärztin,49.01039,8.38557
1174481933,Fächerrad,48.99771,8.39316
50611338,Günther-Klotz-Anlage,49.00278,8.37116
1193012433,Flammaurant zum Kastaniengarten,49.00752,8.4189
57565931,Autohaus Graf Hardenberg GmbH,49.00833,8.41715
1141613037,EUROMOBIL Audi Zentrum Karlsruhe GmbH,49.00794,8.37783
1104303608,HIRMER Große Größen,49.00966,8.40312
57552921,Universität Fridericiana,49.02187,8.36589
1132504360,Görtz,49.00564,8.40312
1131752853,Esso,48.99049,8.37234
1005358211,Reisebank,48.99217,8.40211
1039266231,Der Backladen,49.0099,8.42351
1132530214,Seeger Living,49.00627,8.39459
1164824934,Hermes PaketShop,49.02481,8.35733
50605392,Eden,49.00027,8.3957
1039263474,Hofmeister-Brot,49.00956,8.40479
1039210499,Mastar,48.99864,8.39387
1010054605,Luis Espressobar,48.99449,8.4016
1193011563,Pizza Express Italia,49.01249,8.35706
1108686614,Unisex Friseure,49.00975,8.39715
1039814533,BAUHAUS,49.01789,8.35518
1039243405,Sokrates,48.99612,8.39158
1131723600,Karlsruher Eislauf- und Tennisverein 1911,49.00528,8.36756
1193033995,Sotto Voce,49.01313,8.35574
50605127,Am Gottesauer Schloss,49.00546,8.42331
50605133,Am Markt,49.00963,8.40371
57568151,Städtisches Klinikum Karlsruhe-Notaufnahme,49.01521,8.37482
1039243172,Mersin,49.0115,8.36296
50604516,Haus Solms,49.01254,8.38813
1193040005,Pizza da Roberto,49.00973,8.38182
1017621226,Bundesgerichtshof,49.00673,8.39582
57564426,China City,49.00054,8.38595
1192311677,Wok,49.00939,8.40882
1039212929,Da Franco,48.99839,8.4043
1110490847,Sparkasse Karlsruhe Ettlingen,48.9888,8.3826
898521667,Erich Kästner Schule,49.01871,8.36612
1131730990,Alter Friedhof,49.00664,8.4153
1039266234,Bäckerei Stähle,49.00548,8.33138
1141520354,Sparkasse Karlsruhe Ettlingen,49.00874,8.40228
1024126488,"LIDL, Theodor-Rehbock-Straße",49.0092,8.43782
800752794,Commerzbank,49.00909,8.40411
1005228948,Kath. Kindergarten St. Matthias,49.03448,8.37122
1141613338,EUROMOBIL Eberhardt-Gramling,49.00833,8.41715
929488844,Karrer + Barth + Partner GmbH,49.0199,8.36767
996600222,Europcar,48.99443,8.40134
1070084708,Stadtbahn Städtisches Klinikum/Moltkestraße,49.01552,8.37517
801780826,Spitzweg-Apotheke am St. Vincenz,48.99843,8.39027
50609439,Am ZKM,48.99919,8.38411
1070508629,Peek & Cloppenburg,49.00985,8.40268
1070067527,Stadtbahn Dornröschenweg,48.99325,8.33548
1005358213,Sparda Bank,48.99217,8.40211
1164919040,dm,49.00974,8.40116
998657226,Lago Bowling Center,49.02317,8.35529
1148753276,Pneuhage Reifendienste,49.01109,8.35745
1058556693,Dr. Henrik P. Fritz,49.01151,8.39519
800056137,Thalia,49.00564,8.40332
801780861,OK Apotheke am Kolpingplatz,48.99699,8.39374
898512336,Friedhof Daxlanden,49.00739,8.33954
1017027840,Hauptbahnhof P6,48.99202,8.4019
1040338487,Klinik für Herzchirurgie,49.01819,8.37544
1108536732,Spiele-Pyramide,49.011,8.39923
1058556679,Rudolf Pacher,49.01479,8.44569
1017634417,Stadtteilbibliothek Mühlburg,49.0139,8.35501
800748746,Syrtaki,49.00832,8.39767
1164824941,Hermes PaketShop,49.01551,8.39804
1070085736,Stadtbahn Sinsheimer Straße,49.0207,8.44478
1132504733,JEANS fritz,49.00564,8.40312
51774687,Piro,49.01012,8.39296
1017890531,BBBank,49.01069,8.40049
50611591,Nancyhalle,49.00294,8.39972
50613049,Am Tiergarten,48.99475,8.40041
1104075826,RENO,48.99171,8.37507
1104303655,Wäschehaus,49.0068,8.39467
50610368,Parkhaus Kronenplatz,49.00784,8.41084
1193028461,Pizza & Gusto,49.00805,8.39595
1070067177,Stadtbahn Schillerstraße,49.01062,8.38146
57569327,Postbank-Finanzcenter,49.01001,8.39459
1108686990,Salon Mario Costante,49.00966,8.40312
1110490843,Sparkasse Karlsruhe Ettlingen,48.99581,8.35307
1070084707,Stadtbahn Städtisches Klinikum/Moltkestraße,49.01552,8.37504
57554191,Volkswagen Zentrum Karlsruhe GmbH,49.00833,8.41715
1132504375,engbers,49.00564,8.40312
1039893030,Heinrich-Meidinger-Schule,49.00915,8.41898
1070085533,Stadtbahn Kronenplatz/KIT Campus-Süd,49.00938,8.40912
1192311529,SUBWAY,48.9945,8.40032
1100919574,essanelle,49.00967,8.4019
1161857395,Centravita Apotheke im Citypark,49.00189,8.41544
1108686980,Friseursalon Susanne,49.01413,8.36111
57561520,Casino Royal Spielcenter,49.00914,8.39104
1174482016,Fächerrad,49.00146,8.40797
1040338486,Fachklinik für Ästh. Chirurgie,49.00638,8.37518
801780846,Entenfang-Apotheke,49.01144,8.35947
1024186304,A.T.U Karlsruhe 2,49.01966,8.3552
1165560125,Heiligen der Letzten Tag,48.99809,8.37789
1039130162,More & More,49.00564,8.40312
844320886,McDonald's,49.00501,8.44638
50605328,City Hotel Karlsruhe,49.01007,8.39423
57569328,"Post, Kaiserstraße",49.00935,8.41097
1178852202,Jürgen Menzenbach,49.02563,8.37444
800759723,Eigenart,49.00826,8.40292
800766282,Stephanus Buchhandlung,49.00853,8.39791
1141453848,Autohaus Brenk GmbH,49.03317,8.35535
1039246678,La Vid,49.00823,8.36787
50603844,Kommödchen,49.00398,8.40797
1108687025,Sattler Friseurteam,49.00953,8.42328
1108687014,Buchfink Hairdesign,49.00798,8.40963
1108694987,Hair & Style,49.01129,8.3567
1039814540,KIU,49.00659,8.39464
51773558,Schwarzwaldstube,48.99507,8.40195
57569334,"Post, Turnerstraße",49.00418,8.33323
1193033703,1888-Bräukeller,49.00549,8.38321
1161506866,Supermarkt Tankstelle,48.99803,8.3498
1192311628,Mandarin,49.01042,8.39823
1178852440,Dr. med. Cong Toan Nguyen,49.00982,8.39929
1011027086,Gewerbegebiet Bannwaldallee,48.99925,8.36864
50613043,Allee-Hotel,49.01094,8.37169
1115829115,"BBBank eG, SB-Stelle",48.99049,8.37234
1103752734,ALDI SÜD,49.00602,8.36068
1164824932,Hermes PaketShop,49.00789,8.382
1132504362,Bijou Brigitte,49.00564,8.40312
1104084905,Ulla Popken,49.00874,8.40228
800758758,5 Sterne China Restaurant,49.00557,8.41055
1131722969,Kleingartenanlage Albsiedlung,49.00479,8.34626
1112142128,Blumen Schulz,49.01338,8.3562
1164922631,DER Deutsches Reisebüro,48.99457,8.39969
997869581,AH Neureither Karlsruhe GmbH,49.03247,8.35896
1017154917,Isbank,49.00801,8.39428
50605267,Berliner Hof,49.01119,8.3936
1017890481,BBBank,49.00738,8.34261
844453784,Volkswagen Zentrum Karlsruhe GmbH,49.00833,8.41715
1131725550,Sportzentrum Südwest Hardeck-Oberreut,48.99427,8.35936
1069815462,Europcar,49.0054,8.44286
1039266221,Hofmeister-Brot,49.0021,8.40324
801782276,Park-Apotheke,49.01477,8.38517
1131752850,Heinz Tankstelle,49.00913,8.32778
1132034816,Velocity,49.00799,8.38242
50604402,Bundesgerichtshof,49.00673,8.39582
1039307724,Evangel. Kindergarten,49.01221,8.39613
1131716919,Lindenplatz,49.01341,8.35915
1174516013,Fächerrad,49.00043,8.41853
1039243427,Casa Rustica,49.00515,8.32811
1001492306,PENNY,49.0001,8.3386
1104303627,NOA NOA,49.00564,8.40312
1070091398,Stadtbahn Tullastraße/VBK,49.0063,8.43171
1058701755,Zahnärztin Dr. Eva Jungmeister,49.01227,8.42578
1109981878,Durlacher Tor,49.00899,8.41605
1108686615,Max Lui Karlsruhe Friseur,49.0069,8.40579
1132034811,Rad + Tat,49.00714,8.39253
1001493866,PENNY,49.00999,8.38185
1108694946,Family-Friseur,49.02795,8.34988
800756151,Hong Fat,49.00986,8.39861
1048203443,SATURN,49.00482,8.44626
1017154916,Isbank,49.00801,8.39428
800758515,Santander CONSUMER BANK,49.01167,8.39526
1109996569,Vincentius Krankenhaus,48.99972,8.38002
1174515920,Fächerrad,48.99882,8.38609
57568239,NOVOTEL Karlsruhe City,49.00308,8.40193
1039814904,Agostea,49.00557,8.41055
1039878917,dm,48.99896,8.39387
1164873751,KiK,49.00974,8.40102
1193028807,Tialini,49.00475,8.41641
1039212947,Cafe Ball,49.01429,8.42972
1039304951,Evangel. Kindergarten,49.01114,8.42735
1137720874,Nussbaumer Bäckerei,49.0039,8.39808
1193011433,Tartufo Bianco,49.00439,8.38397
1070063447,Stadtbahn Kongresszentrum,49.00273,8.40311
1164793238,McCafé,49.00951,8.40491
1174481940,Fächerrad,49.00932,8.41126
50604934,Stadtpfarrkirche Sankt Stephan,49.00813,8.39976
1132232660,Dänisches Bettenlager,49.01104,8.35306
1039814526,Aviva,49.0326,8.39399
800760008,TARGOBANK,49.00947,8.40566
1039240966,Bezo's Grill,48.99439,8.3959
1104303645,Olymp & Hades,49.01001,8.39462
1070067524,Stadtbahn Thomas-Mann-Straße,48.99853,8.34079
1148921128,Church Chill Sportsbar,48.99699,8.39374
1017889708,PSD Bank Karlsruhe-Neustadt,49.00466,8.41138
50605663,A&O Karlsruhe Hauptbahnhof,48.99419,8.39841
1104115630,Jeans House,49.01017,8.39652
1115848595,"BBBank eG, SB-Stelle",49.00437,8.40098
1058544196,Dr. med. dent. Robert Heiden,48.99562,8.35138
1164903342,La Pizza,49.01001,8.39462
800766088,Antalya,49.00225,8.40455
1039104942,C&A,49.00949,8.40635
50604901,Schweden-Palais,49.01165,8.3995
1137321228,Sparkasse Karlsruhe Ettlingen,49.01006,8.42572
1178851718,Mona Anisa Salama,49.00991,8.38556
1023826375,Spar-und Kreditbank,48.99635,8.40483
1058556686,Kieferorthopäde Karl Koch,49.00533,8.39716
50610281,Parkhaus Breuninger,49.01077,8.39481
50604609,Kleine Kirche,49.00948,8.40527
50605241,Barbarossa,49.00078,8.40793
1103752735,ALDI SÜD,48.99395,8.38517
1039246688,Athen Palast,49.00437,8.38495
1108398594,Sport-Schütz,49.00951,8.39917
1178852261,Dieter Mucha,48.99899,8.41134
57565235,Autohaus Peter Beier GmbH,49.00879,8.44405
1005162389,Grundschule Bulach,48.98839,8.37868
1115829240,Volksbank Karlsruhe eG,49.00578,8.41369
1161506869,Supermarkt Tankstelle am real,49.00479,8.44619
1108687019,Salon Aysel,49.01231,8.35949
1108686984,Herrensalon Bensching,49.01035,8.39821
1132269870,Matratzen CONCORD,48.99463,8.39674
1098053805,KODi,49.00752,8.38921
1039893525,Südendschule,48.99854,8.38823
1039266225,Füllhorn Karlsruhe Naturkost,49.00884,8.39736
57553314,Audi Zentrum Karlsruhe GmbH,49.00795,8.37776
50604864,Schloss Gottesaue,49.00379,8.42553
1058540852,Reinhold Thumulka Zahnarztpraxis,48.99449,8.39449
1109994689,Hermann-Billing-Straße,49.00389,8.40185
1108687028,Coiffeur Schwarz,49.01085,8.37524
1039212953,Wallhalla,48.99916,8.40689
1104084904,fielmann,49.00972,8.40079
1178852165,Dr. med. Armin Hettich,49.01491,8.37513
801780832,Stefanie-Apotheke,49.03068,8.36807
1039893527,Tullaschule,49.00972,8.43198
50609438,Elfmorgenbruchstraße,49.00583,8.44699
1039892865,Grundschule Rintheim,49.01222,8.44592
1039266240,Brauss Bäckerei-Konditorei,49.00769,8.41092
1001492216,PENNY,49.01136,8.3574
1164819836,Cafe Bleu,49.01044,8.38464
1039880699,Alte Bank,49.00888,8.39835
800758730,Alter Brauhof,49.00124,8.39744
50610483,Fasanengarten,49.01345,8.4205
1017914839,Volksbank Karlsruhe,49.00899,8.41601
800750586,Kani,49.00937,8.41054
1039782029,TRIUMPH,49.00564,8.40312
1048143932,Bahnhof Karlsruhe West,49.00121,8.36315
1104117072,Boutique Bombay,49.00795,8.39446
1165777086,Lutherkirche,49.00787,8.42353
1131737496,Schloßplatz,49.01172,8.40425
50610219,Magdeburger Haus,49.01016,8.38544
1011027091,Gewerbegebiet Daxlander Straße,49.00945,8.34642
1039212962,Le Chic,49.00455,8.3937
1039782038,Honorarkonsulat Republik Armenien,49.01322,8.33071
1017890503,Volksbank Karlsruhe,49.00819,8.37607
1039210474,Da Nino,49.01076,8.35591
1039210469,Cafe Pierod,49.0095,8.40511
1122822085,Reisebüro,49.00784,8.42399
1132504726,edc by esprit,49.00564,8.40312
1039782020,Netto Marken-Discount,49.0105,8.43689
1017890485,BBBank,49.00931,8.40979
1142150547,Sparkasse Karlsruhe Ettlingen,49.01035,8.4234
1108686618,Tarjan Hair Design,49.0024,8.40328
801780841,Lukas-Apotheke,48.99669,8.3539
1112142129,Blumen-Beetz,48.99458,8.3997
1058326211,McDonald's,49.00951,8.40491
1010161345,Commerzbank,49.0113,8.36077
50604186,Steuermann,49.00927,8.33366
800056130,Ettlinger Tor Karlsruhe,49.00564,8.40332
1193011741,Ristorante-Pizzeria Mona Lisa,49.01146,8.36527
1039165689,Chiang Mai Thai,49.00831,8.4212
1131731032,Nymphengarten,49.00597,8.39904
1165961625,Keramundo-Welt der Fliesen,48.99994,8.35782
1039814537,Staatliches Museum für Naturkunde,49.00742,8.40047
1148908854,Braustübl Hatz-Moninger,49.0031,8.35591
1104101722,CECIL,49.00564,8.40312
1115829692,"BBBank eG, SB-Stelle",49.01068,8.35351
1174481807,Fächerrad,49.00712,8.40276
1005358210,Hbf Karlsruhe Südausgang,48.99217,8.40211
1070067525,Stadtbahn Thomas-Mann-Straße,48.99923,8.34122
800756416,Thalia,49.00973,8.40051
1039130286,Allvitalis Traumhotel,49.01299,8.39345
1024643604,Volksbank Karlsruhe eG Filiale Bulach,48.98902,8.3831
1005228911,Kath. Kindergarten St. Klara,48.99863,8.38715
1174493269,Fächerrad,49.00444,8.38939
57561540,McDonald's,49.01006,8.39442
1178852560,Dr. med. Volker Zimmermann,48.99914,8.39393
1040338489,Klinik für Ästh. Lasertherapie,49.00984,8.39905
1039880698,Moccasin Coffee Karlsruhe,49.01035,8.40167
1048143912,Bahnhof Karlsruhe-Mühlburg,49.01437,8.35209
1005230041,Kindertagesstätte im Gewerbehof,49.00709,8.40733
1039130165,TALLY WEiJL,49.00564,8.40312
1104115626,Jeans Shop 99,49.00931,8.39587
800761983,Zi Hotel and Lounge,49.00511,8.39449
1108687017,Friseur Frau Mosler,49.01149,8.36277
1164824933,Hermes PaketShop,49.00315,8.38882
1193011353,Pizza Heimservice Exzellent,48.99633,8.40844
898116477,Bonifatiuskirche,49.0079,8.37873
1039257753,Hardtwaldklause,49.02301,8.36886
1137426134,Sparkasse Karlsruhe Ettlingen,49.01011,8.42408
1031198220,Evangel. Kindergarten,49.01227,8.36811
1039130284,Zero,49.00987,8.39757
1039880515,Hertz,48.99443,8.40134
1039823172,St. Peter und Paul,49.01092,8.36522
1164810655,Am Markt,49.00963,8.40371
1161465066,Mauritius Karlsruhe,48.99419,8.39846
1005164824,Kath. Gymnasium St. Dominikus,49.01398,8.39391
1010260353,DDS Digital Data Services GmbH,49.01354,8.42825
1109989086,Vincentius Krankenhaus,48.99865,8.3887
1039880445,Polizeiposten Südstadt,49.00159,8.40747
1166357600,Welfenstraße,48.99522,8.38512
50605104,Gästehaus Alte Münze,49.00705,8.39111
1174482000,Fächerrad,49.00543,8.39476
50612543,Badisches Landesmuseum Karlsruhe,49.01355,8.40514
1039263458,Badische Backstub,49.01123,8.3603
57561703,Autohaus Kuhn GmbH,49.03312,8.35929
1178851948,Dr. med. Karin Ruß,49.0112,8.36135
1193011496,Vin Fou,49.00189,8.38976
1126267044,Sparkasse Karlsruhe Ettlingen,49.02919,8.38645
800759356,Italy Italy,49.0093,8.39893
1001361208,Hauptbahnhof P4,48.99453,8.4016
1070063450,Stadtbahn Augartenstraße,49.00008,8.40318
1112142127,Blumenfachgeschäft Blütenstaub,48.99604,8.39221
1193011906,Kais Pizza,49.00909,8.41026
1104303630,Liberty,49.00564,8.40312
1193012213,Kolo Restaurant,49.01396,8.43092
800851035,Versorgungsanstalt,49.01448,8.39817
1040338490,Laser- und Beauty-Klinik,49.00942,8.38973
1178852126,Dr. med. Kerstin Kemter,49.00624,8.37814
1110490830,Sparkasse Karlsruhe Ettlingen,49.01703,8.44445
1178850593,Dr. med. Alexander Wenzler,48.99803,8.34213
1108686599,Haariets Afro Intensive Hair Care,49.00145,8.39282
1039251454,Buchhandlung am Kronenplatz,49.00935,8.40978
1039892868,Grund-und Hauptschule Grünwinkel,48.99881,8.35437
1058556701,Zahnarztpraxis Dr. Theil,49.01208,8.35919
1070132232,Stadtbahn Hauptbahnhof Vorplatz,48.99444,8.40005
1108687011,Thi Ha Nguyen Frisurenstudio,49.00879,8.4065
1017889050,Volksbank Karlsruhe,49.01068,8.35932
1011027089,Gewerbegebiet Durmersheimer Straße,49.00109,8.35867
1011544348,Bonita,49.01,8.39586
1164824938,Hermes PaketShop,49.00884,8.39332
1166860105,K&U Bäckerei,49.01163,8.35214
800752194,Continent,49.00942,8.40732
801780834,Berthold-Apotheke,49.01087,8.42361
1070132235,Stadtbahn Albtalbahnhof,48.99366,8.39653
931100877,Pieck GmbH,49.00884,8.36784
50612060,Squash-Treff,49.00036,8.36866
800851062,Tiefgarage Friedrichsplatz,49.00831,8.40018
50606034,Rio,49.00966,8.38636
1023826374,Spar-und Kreditbank,48.99635,8.40483
1112142139,Blumen Strehle,49.00236,8.38232
57563303,Autohaus Vetter GmbH,49.00808,8.39708
1131725551,August-Klingler-Stadion,49.0008,8.34099
1100436679,VERO MODA,49.00564,8.40312
1148490485,DEVK-Hauptgeschäftsstelle,49.00943,8.42435
1110490837,Sparkasse Karlsruhe Ettlingen,49.01133,8.36437
1058556668,Zahnarztpraxis Dr. Philipp,49.00055,8.39476
1108686982,Color & Cut,49.01326,8.3746
800755673,Kant-Gymnasium,49.01086,8.41046
1108685042,Friseur im Wal Mart,48.99171,8.37507
1039266257,Bäckerei Fütterer,49.00015,8.4106
800763380,Trattoria Toscana,49.00828,8.39659
1039130288,S. Oliver,49.00998,8.39545
1070067521,Stadtbahn Rheinhafenstraße,49.00157,8.34496
1104074253,Mrs. Sporty,49.00663,8.40584
1024643519,Volksbank Karlsruhe eG Filiale Mühlburg,49.01068,8.35932
1137321230,Sparkasse Karlsruhe Ettlingen,49.01007,8.39313
1070459496,Tchibo,49.01001,8.39462
800760539,Stadt-Apotheke,49.00941,8.39506
1039879087,dm,49.00295,8.35668
800763622,Baden-Württembergische Bank,49.00861,8.40064
1131731034,Friedrichsplatz,49.00791,8.4009
800764690,Wacht am Rhein,49.00419,8.39783
1070067176,Stadtbahn Schillerstraße,49.01069,8.38147
1193104529,Ciao Ciao,49.02499,8.35672
1174481980,Fächerrad,49.01072,8.40508
1103752732,ALDI SÜD,49.00892,8.43952
50610210,Hauptbahnhof P2,48.9923,8.40236
1024168211,Volksbank Karlsruhe,49.01524,8.37437
1132034813,Madame Velo,49.00918,8.42366
50611977,Rheinhafenbad,49.01332,8.34689
1193145827,Hotel NOVOTEL Karlsruhe City,49.00301,8.40192
1193011721,Pepper Pizza,49.02262,8.3738
1031198221,Kinderhaus-Kunterbunt Moltkestr,49.01966,8.38692
1174481966,Fächerrad,49.00622,8.43124
800851058,Herrenstraße,49.01071,8.40129
1070091399,Stadtbahn Tullastraße/VBK,49.00614,8.43193
1017621252,Metzgerei Kauffeld,49.00422,8.33024
1108686636,Salon Medusa,49.00664,8.39478
1023773445,ibis Karlsruhe Hauptbahnhof,48.9951,8.40365
1017890532,BBBank,49.01069,8.40049
1024132903,EUROMOBIL Volkswagen Zentrum Karlsruhe GmbH,49.00838,8.41704
1108536738,Bumerang Spiele und Geschenke,49.02256,8.37394
1039880844,Kap,49.00679,8.41239
800756859,Apotheke 29,49.00749,8.39488
800056143,Apotheke im Scheck-in Center,49.00561,8.41055
1005223874,Kath. Kindergarten Heilig Geist,49.00461,8.33109
1070455924,Telekom Shop,49.00971,8.40194
1017027838,Hauptbahnhof P1,48.99273,8.40417
1132232070,MFO Matratzen,49.00805,8.42164
1193011980,Ristorante Dagianni,49.00106,8.39417
1010054596,Fotofix,48.99217,8.40211
1108686588,Coiffure Velly,49.00228,8.39583
1108686583,Salon Headline,49.00893,8.39176
1103752741,ALDI SÜD,48.99724,8.35888
1148910990,Cafe Brenner,49.00321,8.39452
1194135126,Baden-Württembergische Bank,49.0053,8.41433
1039130283,TALLY WEiJL,49.00985,8.39801
800766030,La Cage,49.00856,8.39605
800753093,Santander,49.00749,8.39473
1058544180,Dr. Ursula Essig,49.01459,8.37841
1039212931,City-Treff,49.0101,8.40519
1001025595,Santo,49.00134,8.39427
50605872,Markgräfler Hof,49.00835,8.42209
1039266216,Bäckerei Reinmuth,49.0084,8.43954
1039104945,pimkie,49.00564,8.40312
1178851567,Dr. med. Dieter Knöbl,48.9988,8.40368
1058540840,Dr. med. dent. Bernhard Heilig,49.0017,8.39438
1161464781,Buchbinder,49.01872,8.35226
1005231203,Kath. Kindergarten St. Konrad,49.02324,8.36605
1108686999,Salon Vera,49.01075,8.36141
1070091402,Stadtbahn Weinweg,49.00441,8.44107
50611170,Badisches Staatstheater,49.00418,8.40595
801780823,Residenz-Apotheke,49.00999,8.38185
57553304,Audi Zentrum Karlsruhe GmbH,49.00607,8.44281
1131735461,Kolpingplatz,48.99763,8.39334
800761878,Akropolis-Ziegler,49.00403,8.4064
1131727369,Kleingartenanlage Karlsruhe Süd,48.99173,8.3937
51774690,Mogogo,49.01097,8.39731
50609418,Fettweisstraße,49.01381,8.31051
1005222095,Rudolf Steiner Kindergarten e.V.,49.02084,8.37054
1039243157,Dorfschänke,49.00824,8.41466
57561544,Kilimanjaro,48.99935,8.39391
1110490890,Sparkasse Karlsruhe Ettlingen,49.00915,8.40356
1104075203,Deichmann,49.0097,8.40208
50612493,Städtisches Klinikum Karlsruhe,49.01521,8.37482
1100953724,Witt-Weiden,49.01042,8.39823
1058544175,Zahnärztin Dezenter,49.00369,8.33432
800056135,dm,49.00564,8.40312
1039814530,REWE,49.01011,8.39239
800756419,Erlöserkirche,49.00399,8.39884
1178675930,Jet,49.01326,8.42834
50614180,D'Badisch Bühn,49.00764,8.35642
1193011672,Olive-das Kleine Restaurant,49.00619,8.38178
1108686986,PARADISE FASHION Hair & Beauty,49.00932,8.40088
1193015024,Pizza New York,49.01127,8.35718
1193944784,Hotel Greif,48.9946,8.39298
1017890521,Volksbank Karlsruhe,48.99156,8.38906
1108687007,Friseur Antonie,49.01072,8.39884
995160322,Freytag Media.Net GmbH,49.01149,8.36454
1164824937,Hermes PaketShop,49.01139,8.35958
50612787,Rathaus Karlsruhe,49.00858,8.40367
1108687000,Red Box-Hairstore,49.01001,8.39462
1108709985,BUCHFINK Hair Design,49.00564,8.41608
1110490530,Sparkasse Karlsruhe Ettlingen,49.00497,8.41028
800758630,Jugendbibliothek,49.01118,8.39515
800749045,Museum für Literatur,49.01118,8.39515
1017890690,BBBank,48.99171,8.37507
1192313125,B & B Hotel Karlsruhe,48.99192,8.40283
1193809863,Karthago Döner,49.0087,8.41787
1039816065,Petruskirche,49.0288,8.36908
50593927,Busbahnhof Karlsruhe,48.99169,8.4009
1178850841,Dr. med. Stephan Pfisterer,49.00292,8.33605
1024177316,A.T.U Karlsruhe 1,48.98902,8.37342
844449707,Volkswagen Zentrum Karlsruhe GmbH,48.99663,8.34614
1039880703,Der Vogelbräu,49.0073,8.41403
1162003920,Autohaus Werner Beier GmbH,49.00971,8.44279
1174481853,Fächerrad,49.01443,8.39407
1039104944,NEW YORKER,49.00564,8.40312
800760880,Pomodoro,49.00721,8.39274
1108695009,Atelier für Haarkunst 1913 Friseur,48.99443,8.40134
1017890477,BBBank,48.99806,8.34983
1132504730,Binder Optik,49.00564,8.40312
1039815347,Christuskirche,49.01059,8.38695
1039266223,Bäckerei Gerach,49.00522,8.35057
1137321235,Sparkasse Karlsruhe Ettlingen,49.0113,8.36507
1039814531,Feuerwehr-Museum,49.00374,8.33337
50605752,Kübler,49.01297,8.39321
50593856,Hauptbahnhof Karlsruhe,48.99443,8.40134
1193011922,Am Karlstor,49.00531,8.39384
898522345,Postbank,49.01082,8.35999
1110490883,Sparkasse Karlsruhe Ettlingen,49.00785,8.37957
1112150399,Blumen Reiter,49.00482,8.41058
1192311698,Freshsub,49.01015,8.39778
1058545329,Bettina Thomas,48.99901,8.38622
801895532,Haid-und-Neu-Straße,49.01412,8.4323
1097181939,EUROMASTER Karlsruhe,49.01717,8.35321
1178868529,Manfred Reichert,48.9982,8.39383
57564425,ZKM Museum für Neue Kunst,49.00128,8.38308
898520336,Heisenberg Gymnasium,49.02676,8.39038
1192103982,Autohaus Kuhn GmbH,49.03312,8.35929
1142397581,REWE,49.02972,8.37487
1058556694,Dr. Hermann B. Bäuerle,48.9955,8.4022
1039815628,Markuskirche,49.00717,8.37219
1178852004,Dr. med. Wolf-Peter Ringlage,49.00371,8.37273
1112455260,Autohaus Walter Hertenstein GmbH,49.01136,8.36756
1017890530,BBBank,49.00952,8.40471
800752737,ROSSMANN,49.00143,8.40669
1017555764,Schloßplatz,49.01092,8.40458
1178851836,Stefan Mathias Fuchs,49.02784,8.38615
801778731,Fächer-Apotheke,49.01037,8.38626
57541650,SIXT (Karlsruhe Hauptbahnhof),48.99443,8.40134
1131722974,Friedhof Grünwinkel,49.00553,8.35496
1058556680,Zahnarztpraxis Modjesch,49.0091,8.40077
1132504361,WMF,49.00564,8.40312
1132504368,Bonita,49.00564,8.40312
1148865257,Call a Bike-Hauptbahnhof (Nordseite),48.99437,8.40248
1110490836,Sparkasse Karlsruhe Ettlingen,49.01007,8.39328
1178852070,Dr. med. Petra König-Gebhardt,49.01079,8.38956
1174497902,Fächerrad,49.00707,8.37254
1039130285,More & More,49.00967,8.4019
800761425,Neuapostolische Kirche,49.00395,8.39458
1193012045,Kaiserpassage,49.0107,8.39683
1193950720,Mauritius Karlsruhe,48.99419,8.39846
1108712200,Die rollenden Friseure,49.03379,8.37469
1039210454,Havanna,49.01341,8.35908
1039880842,Kippe,49.00739,8.41918
1164959247,Unverschämt,48.99443,8.40134
1108686978,Salon Elly,49.01071,8.42328
1005166382,Fichte-Gymnasium,49.00637,8.39316
1039892649,Friedrich-List-Schule,49.00561,8.41444
800753879,Badisches Brauhaus,49.01174,8.39396
1193011107,Aijana,48.99469,8.39163
1010067972,Michelin Reifenwerke AG & Co. KGaA,49.00711,8.35202
1193012346,Rosa Bianca,49.01072,8.39355
1017622258,Amerikanische Bibliothek Stadtbibl.,49.03301,8.39147
1017890506,Volksbank Karlsruhe,49.0104,8.38366
1108686629,Salon Sabine Ertel,49.01236,8.36255
1193011571,Rih,49.01118,8.39965
1104303596,Snipes,49.0099,8.39788
800764041,Der Frische Markt Lukasiewicz,49.00511,8.39449
800753421,Hauptpost-Apotheke Karlsruhe,49.01008,8.39385
1193011957,Royal,49.00568,8.40673
1070455915,Telekom Shop,48.99215,8.3723
1178852142,Ralf-Markus Braun,49.00916,8.37057
1179906177,Kliver City Park,49.00293,8.41575
801780829,OK Apotheke am ZKM,48.99849,8.38603
800751218,Fächerstadtantiquariat,49.00558,8.39425
1039814534,Blechdosen-Museum,49.00237,8.40731
1039782014,Nah und Gut Karl,48.99671,8.33602
1017555763,Schloßplatz,49.01092,8.40413
1024126211,"LIDL, Kriegsstraße",49.00564,8.37967
1140564073,Karlsruhe Zoo,48.99901,8.40336
1070508626,Fitness First,49.01001,8.39462
1005227588,Kath. Kindergarten St. Valentin,49.00472,8.32841
1131731033,Kaiserplatz,49.01033,8.38872
50603678,Garbo,49.00022,8.39585
800766538,Deutsche Bank,49.00972,8.40168
50612649,Rechtshistorisches Museum,49.01221,8.39633
1108686613,Salon Tina,49.00281,8.41043
1039165971,Köprü Kebap 2,49.0024,8.40328
1039263472,Hatz Bäckereibetrieb,49.00143,8.41052
1070132236,Stadtbahn Albtalbahnhof,48.99409,8.39566
1058702274,Dr. Jacob Ackermann,49.01147,8.35723
1070464359,Tchibo,49.00981,8.39893
1166357607,Ebertstraße,48.99447,8.39533
1100953692,Krass Optik,49.00564,8.40312
1193011247,Pizzeria Edelweiß,48.99876,8.41066
1039893094,Lidellschule,49.00972,8.43198
1193011585,Pizza Matrix,49.00522,8.38179
1005221348,Kath. Kindergarten St. Maria,48.98644,8.37955
50605757,Kaiserhof,49.00787,8.40373
1070067172,Stadtbahn Yorckstraße,49.01086,8.37587
1058556660,Dr. med. Tanja Kristin Schmutte,49.01052,8.381
1070075896,Stadtbahn Karlsruhe-Mühlburg,49.01447,8.35174
1010054601,Ticketoffice,48.99449,8.4016
1178851857,Cornelius Schober,49.00393,8.35558
1108686593,Frisör Markl,48.98939,8.38391
50603754,Hasen,49.00845,8.43009
1070132234,Stadtbahn Poststraße,48.9953,8.40394
1131753139,Zg Raiffeisen,49.01039,8.40914
1137720186,Kaffeehaus Schmidt,49.01086,8.37495
1100919582,Depot,49.01001,8.39462
1039243436,Gotec Club+,49.02327,8.35533
1039251417,Braunsche Universitätsbuchhandlung,49.00988,8.39815
1113022416,OMNI-MOBIL GmbH,49.00782,8.38286
1148921787,Curry76,49.01042,8.39823
1039880339,Polizeiposten Grünwinkel-Daxlanden,49.00229,8.35454
1165351148,ROSSMANN,48.99724,8.35888
1017890486,BBBank,49.00931,8.40979
1031198212,Evangelischer Kindergarten,49.00368,8.34599
1103746351,Weltbild,49.01001,8.39462
50604814,Sankt Cyriacus-Kirche,48.98807,8.38113
1122851135,City-Autoglas,48.99587,8.40457
1070508716,Fitness First,49.0069,8.43745
1058556707,Dr. med. dent. Peter Hardt,49.003,8.39153
1178892199,Shell,49.02481,8.35734
1178879795,Dr. med. Volker Aschoff,49.01289,8.44105
1039814528,En Vogue,49.00852,8.39621
800765565,Boeckler,49.0096,8.40337
1110491105,Sparkasse Karlsruhe Ettlingen,48.99508,8.38889
1126267096,Sparkasse Karlsruhe Ettlingen,48.9972,8.33642
898514189,Postbank-Finanzcenter,49.01001,8.39462
800763346,Uhlandschule,49.00236,8.40696
1166565588,Hans im Glück,49.00786,8.40372
1010054597,Wiener Feinbäcker Heberer GmbH,48.99217,8.40211
1174481851,Fächerrad,49.013,8.44351
1108695021,Hair Tuning,48.99832,8.39593
800752609,Deutsche Bank,49.00972,8.40168
51774424,Schauburg-Kino,49.00325,8.40798
1104303629,K & L,49.00564,8.40312
57567328,Graf Hardenberg GmbH,49.00838,8.41704
1178852597,Dr. med. Bernhard Geßler,49.00397,8.40796
1161795126,Le Salon im Kesselhaus,49.00153,8.36663
800056131,Alnatura,49.00564,8.40332
1010054602,Barbarino,48.99449,8.4016
1039892565,Elisabeth-Selbert-Schule,48.99751,8.38151
1010086613,Dm-Drogerie Markt GmbH & Co. KG,49.01005,8.35434
1070067170,Stadtbahn Mühlburger Tor,49.01055,8.38696
800757087,Sparda-Bank Baden-Württemberg,49.00995,8.39625
800765818,Apotheke Burgert am Ludwigsplatz,49.00868,8.39527
1130109447,Ah. Neureither Karlsruhe GmbH,49.03247,8.35896
1039893134,Schillerschule,49.00777,8.41509
1039823167,St. Valentin,49.00593,8.32628
1174481942,Fächerrad,49.01128,8.42337
1137439476,Sparkasse Karlsruhe Ettlingen,49.00701,8.40376
1192103983,Autohaus Kuhn GmbH,49.03312,8.35929
1174481976,Fächerrad,49.00114,8.38454
1179906945,Löwen-Apotheke am Marktplatz,49.00957,8.40444
1011541580,Hallhuber,49.00946,8.40624
1178852031,Maria-Hannelore Pfau,49.00444,8.38243
1115829099,Sparda-Bank Baden-Württemberg eG,49.0044,8.40957
1164922636,DER Deutsches Reisebüro,49.01775,8.38087
1104075167,Deichmann,49.00503,8.4464
1039243410,Bernstein,48.99519,8.35236
1070067519,Stadtbahn Eckenerstraße,49.00522,8.34962
50609433,Durlacher Allee,49.00482,8.44626
1058713708,Armbruster Back-Shop,49.00773,8.38578
50611214,Sandkorn-Theater Karlsruhe,49.01044,8.38464
1164125662,Postbank Immobilien GmbH,49.00561,8.4049
1108696543,Friseur Style,49.01048,8.39514
1192830165,Diwan,48.99736,8.41078
50612206,Europaplatz,49.01004,8.39427
1112142136,Die Kornblume,48.99285,8.39044
1039243179,Crazy Horse,49.01051,8.40703
1108710016,Haar-Schmitt,49.01127,8.36197
1005222842,Ev. Kindergarten Neureut,49.03213,8.38635
1058556678,Dr. med. dent. Walther Engel,49.00472,8.37354
1017890555,Volksbank Karlsruhe,48.9974,8.40429
1024126489,"LIDL, Kaiserstraße",49.01001,8.39462
1192311739,K2 Döner&Pizza,49.00944,8.40744
1024643544,Volksbank Karlsruhe eG Filiale Nordstadt,49.0209,8.38655
1108686979,new hairstore,49.00738,8.40666
1070067173,Stadtbahn Yorckstraße,49.01099,8.3761
1132504725,Leiser,49.00564,8.40312
800753696,Augusta-Apotheke,49.00228,8.39423
800763961,Stadtkirche,49.00857,8.40397
1131730989,Südstadtgrünzug,48.99997,8.40403
800765287,Taj Palace,49.00406,8.39458
1070618900,Apollo Optik,49.00977,8.39974
1108687013,Swetlana Haarstudio,48.99518,8.39019
1164824931,Hermes PaketShop,48.99599,8.3939
57561448,OMV,49.00563,8.37901
1193011254,Zebra,48.99819,8.40395
1070118303,Lang Automobile GmbH,49.00806,8.44297
1164824935,Hermes PaketShop,49.01059,8.37949
800056134,Sparda-Bank Baden-Württemberg,49.00564,8.40332
800756235,Bücher am Kronenplatz,49.00909,8.41027
1100919562,Depot,49.00564,8.40312
1017393316,Hauptbahnhof P8,48.99168,8.39943
50612640,Oberrheinisches Dichtermuseum,49.0116,8.38329
1131753206,bft,49.01092,8.35768
57565781,Sankt-Vincentius-Kliniken I,48.99862,8.38932
50605070,acora Hotel und Wohnen,49.0077,8.38568
1104084911,Foot Locker,49.0098,8.39911
1099935285,XXXL Mann Mobilia Karlsruhe,49.00393,8.44439
1164824927,Hermes PaketShop,48.99172,8.37507
1110490889,Sparkasse Karlsruhe Ettlingen,49.00915,8.40356
1017890524,BBBank,49.01738,8.44337
1100506312,Metro,48.99769,8.3717
1005227354,Kath. Kindergarten St. Hildegard,48.99675,8.39829
800766830,Santander CONSUMER BANK,49.00947,8.40687
1039243182,Wirtshaus zum Braustüble,49.00661,8.38169
1070455913,Telekom Shop,49.01002,8.39533
800056138,Weltbild,49.00564,8.40332
898514423,Werner-von-Siemens-Schule,49.03052,8.37117
1039243398,Bistro Harlekin,49.01609,8.36228
1149443684,ACHAT Plaza,49.00566,8.41024
800762209,Marien-Apotheke am Werderplatz,49.00137,8.40813
1112142133,Blumen Glücksklee,49.00535,8.35605
1132035568,B.O.C.,49.01104,8.35306
1010054599,Wiener Feinbäcker Heberer GmbH,48.99449,8.4016
1192291858,Ditib Zentralmoschee Karlsruhe,49.00752,8.43912
800754421,Wirtshaus Wolfbräu,49.0016,8.40789
1070085735,Stadtbahn Sinsheimer Straße,49.02076,8.44471
800762340,Commerzbank,49.00832,8.40205
1039104947,Jack Wolfskin,49.00564,8.40312
57540958,Wienerwald,49.01086,8.37495
57568148,Sankt-Vincentius-Kliniken I-Notaufnahme,48.99862,8.38932
1148121266,JACK & JONES,49.00988,8.39815
1104118465,Jeans-Halle Karlsruhe,49.01015,8.39158
1112420100,Autohaus Graf Hardenberg GmbH,49.00833,8.41715
1039879086,dm,49.00784,8.43925
1039243401,Sportgaststätte TSV Grünwinkel,49.00095,8.35161
1039228303,Fünf,49.03301,8.39147
1070132237,Stadtbahn Karlsruhe-West,49.00197,8.36287
1024168213,BBBank,49.00484,8.44622
1178851191,Dr. med. Bernhard Kessler,48.9982,8.39383
1132034539,Ride your Bike,48.99923,8.40499
800766372,La Corona,49.00816,8.40952
1039814540,Karlshochschule,49.00659,8.39464
1024643683,Volksbank Karlsruhe eG Filiale Am Mühlburger Tor,49.0104,8.38366
50611597,Kongresszentrum Karlsruhe,49.00294,8.39972
1070084712,Stadtbahn Kurt-Schumacher-Straße,49.0302,8.37618
1192312184,Miad,49.01022,8.39789
800765758,Santander CONSUMER BANK,49.00947,8.40687
1039266237,Bäckerei Konditorei Walter Brauss,48.99989,8.39401
50611455,Stadtgarten,48.99904,8.40192
1039506026,Nutzfahrzeug-Zentrum Karlsruhe,48.99695,8.34609
50606082,Schlosshotel Karlsruhe,48.99507,8.40195
57565932,Autohaus Ph. Hatzner GmbH,48.99634,8.41005
1039893097,Nebeniusschule,48.99734,8.40769
1108398615,Runners Point,49.00979,8.40005
1039877198,ROSSMANN,49.0099,8.39788
1111956122,Woolworth,49.01144,8.36219
1132034815,Mike's Bike Guide,49.00883,8.37241
1165961651,Atelier Küchen und Hausgeräte,49.00515,8.39472
1164958751,Santo's Cocktailbar,49.00134,8.39427
1039104950,H&M,49.00976,8.39999
1011542526,Adler,48.99171,8.37507
1148861305,Flinkster-Hauptbahnhof 1 (Hauptausgang),48.99446,8.40148
979355722,SATURN,49.01005,8.39469
50603872,Umberto Prima,49.01128,8.39654
1164919039,dm,49.01163,8.35214
57561516,Erdbeermund,49.00436,8.40966
1178852341,Dr. med. Harald Dietsche,48.99914,8.39393
1112140396,Blumenparadies Hatice Erdis,49.01427,8.36
1148414183,Primark,49.01001,8.39462
1039892870,Grund-und Hauptschule Daxlanden,49.00519,8.33309
1031198238,Evangel. Kindergarten,48.99905,8.41001
1070063448,Stadtbahn Ettlinger Tor/Staatstheater,49.00473,8.40348
